--
-- PostgreSQL database dump
--

-- Dumped from database version 17.4
-- Dumped by pg_dump version 17.4

-- Started on 2025-05-25 00:58:35

SET statement_timeout = 0;
SET lock_timeout = 0;
SET idle_in_transaction_session_timeout = 0;
SET transaction_timeout = 0;
SET client_encoding = 'UTF8';
SET standard_conforming_strings = on;
SELECT pg_catalog.set_config('search_path', '', false);
SET check_function_bodies = false;
SET xmloption = content;
SET client_min_messages = warning;
SET row_security = off;

DROP DATABASE "shared-blog";
--
-- TOC entry 4880 (class 1262 OID 16762)
-- Name: shared-blog; Type: DATABASE; Schema: -; Owner: postgres
--

CREATE DATABASE "shared-blog" WITH TEMPLATE = template0 ENCODING = 'UTF8' LOCALE_PROVIDER = libc LOCALE = 'en-150';


ALTER DATABASE "shared-blog" OWNER TO postgres;

\encoding SQL_ASCII
\connect -reuse-previous=on "dbname='shared-blog'"

SET statement_timeout = 0;
SET lock_timeout = 0;
SET idle_in_transaction_session_timeout = 0;
SET transaction_timeout = 0;
SET client_encoding = 'UTF8';
SET standard_conforming_strings = on;
SELECT pg_catalog.set_config('search_path', '', false);
SET check_function_bodies = false;
SET xmloption = content;
SET client_min_messages = warning;
SET row_security = off;

SET default_tablespace = '';

SET default_table_access_method = heap;

--
-- TOC entry 218 (class 1259 OID 17204)
-- Name: category; Type: TABLE; Schema: public; Owner: postgres
--

CREATE TABLE public.category (
    id bigint NOT NULL,
    name character varying(255)
);


ALTER TABLE public.category OWNER TO postgres;

--
-- TOC entry 217 (class 1259 OID 17203)
-- Name: category_id_seq; Type: SEQUENCE; Schema: public; Owner: postgres
--

ALTER TABLE public.category ALTER COLUMN id ADD GENERATED BY DEFAULT AS IDENTITY (
    SEQUENCE NAME public.category_id_seq
    START WITH 1
    INCREMENT BY 1
    NO MINVALUE
    NO MAXVALUE
    CACHE 1
);


--
-- TOC entry 220 (class 1259 OID 17210)
-- Name: person; Type: TABLE; Schema: public; Owner: postgres
--

CREATE TABLE public.person (
    id bigint NOT NULL,
    account_type smallint,
    email character varying(255),
    name character varying(255),
    password character varying(255),
    profile_picture bigint,
    motto character varying(255),
    CONSTRAINT person_account_type_check CHECK (((account_type >= 0) AND (account_type <= 2)))
);


ALTER TABLE public.person OWNER TO postgres;

--
-- TOC entry 219 (class 1259 OID 17209)
-- Name: person_id_seq; Type: SEQUENCE; Schema: public; Owner: postgres
--

ALTER TABLE public.person ALTER COLUMN id ADD GENERATED BY DEFAULT AS IDENTITY (
    SEQUENCE NAME public.person_id_seq
    START WITH 1
    INCREMENT BY 1
    NO MINVALUE
    NO MAXVALUE
    CACHE 1
);


--
-- TOC entry 222 (class 1259 OID 17219)
-- Name: post; Type: TABLE; Schema: public; Owner: postgres
--

CREATE TABLE public.post (
    id bigint NOT NULL,
    content text,
    image character varying(255),
    sub_title character varying(255),
    "timestamp" timestamp(6) without time zone,
    title character varying(255),
    person_id bigint
);


ALTER TABLE public.post OWNER TO postgres;

--
-- TOC entry 223 (class 1259 OID 17226)
-- Name: post_category; Type: TABLE; Schema: public; Owner: postgres
--

CREATE TABLE public.post_category (
    post_id bigint NOT NULL,
    category_id bigint NOT NULL
);


ALTER TABLE public.post_category OWNER TO postgres;

--
-- TOC entry 221 (class 1259 OID 17218)
-- Name: post_id_seq; Type: SEQUENCE; Schema: public; Owner: postgres
--

ALTER TABLE public.post ALTER COLUMN id ADD GENERATED BY DEFAULT AS IDENTITY (
    SEQUENCE NAME public.post_id_seq
    START WITH 1
    INCREMENT BY 1
    NO MINVALUE
    NO MAXVALUE
    CACHE 1
);


--
-- TOC entry 4873 (class 2613 OID 16849)
-- Name: 16849..17139; Type: BLOB METADATA; Schema: -; Owner: postgres
--

SELECT pg_catalog.lo_create('16849');
SELECT pg_catalog.lo_create('16850');
SELECT pg_catalog.lo_create('16851');
SELECT pg_catalog.lo_create('16852');
SELECT pg_catalog.lo_create('16940');
SELECT pg_catalog.lo_create('16941');
SELECT pg_catalog.lo_create('16942');
SELECT pg_catalog.lo_create('16943');
SELECT pg_catalog.lo_create('16944');
SELECT pg_catalog.lo_create('16945');
SELECT pg_catalog.lo_create('16946');
SELECT pg_catalog.lo_create('16947');
SELECT pg_catalog.lo_create('16948');
SELECT pg_catalog.lo_create('16949');
SELECT pg_catalog.lo_create('16950');
SELECT pg_catalog.lo_create('16951');
SELECT pg_catalog.lo_create('16952');
SELECT pg_catalog.lo_create('16953');
SELECT pg_catalog.lo_create('16954');
SELECT pg_catalog.lo_create('16955');
SELECT pg_catalog.lo_create('16956');
SELECT pg_catalog.lo_create('16957');
SELECT pg_catalog.lo_create('16958');
SELECT pg_catalog.lo_create('16959');
SELECT pg_catalog.lo_create('16960');
SELECT pg_catalog.lo_create('16961');
SELECT pg_catalog.lo_create('16962');
SELECT pg_catalog.lo_create('16963');
SELECT pg_catalog.lo_create('16964');
SELECT pg_catalog.lo_create('16965');
SELECT pg_catalog.lo_create('16966');
SELECT pg_catalog.lo_create('16967');
SELECT pg_catalog.lo_create('16968');
SELECT pg_catalog.lo_create('16969');
SELECT pg_catalog.lo_create('16970');
SELECT pg_catalog.lo_create('16971');
SELECT pg_catalog.lo_create('16972');
SELECT pg_catalog.lo_create('16973');
SELECT pg_catalog.lo_create('17063');
SELECT pg_catalog.lo_create('17064');
SELECT pg_catalog.lo_create('17065');
SELECT pg_catalog.lo_create('17072');
SELECT pg_catalog.lo_create('17073');
SELECT pg_catalog.lo_create('17074');
SELECT pg_catalog.lo_create('17075');
SELECT pg_catalog.lo_create('17076');
SELECT pg_catalog.lo_create('17077');
SELECT pg_catalog.lo_create('17078');
SELECT pg_catalog.lo_create('17079');
SELECT pg_catalog.lo_create('17080');
SELECT pg_catalog.lo_create('17081');
SELECT pg_catalog.lo_create('17082');
SELECT pg_catalog.lo_create('17083');
SELECT pg_catalog.lo_create('17084');
SELECT pg_catalog.lo_create('17085');
SELECT pg_catalog.lo_create('17086');
SELECT pg_catalog.lo_create('17087');
SELECT pg_catalog.lo_create('17088');
SELECT pg_catalog.lo_create('17089');
SELECT pg_catalog.lo_create('17090');
SELECT pg_catalog.lo_create('17091');
SELECT pg_catalog.lo_create('17092');
SELECT pg_catalog.lo_create('17093');
SELECT pg_catalog.lo_create('17094');
SELECT pg_catalog.lo_create('17095');
SELECT pg_catalog.lo_create('17096');
SELECT pg_catalog.lo_create('17097');
SELECT pg_catalog.lo_create('17098');
SELECT pg_catalog.lo_create('17099');
SELECT pg_catalog.lo_create('17100');
SELECT pg_catalog.lo_create('17101');
SELECT pg_catalog.lo_create('17102');
SELECT pg_catalog.lo_create('17103');
SELECT pg_catalog.lo_create('17104');
SELECT pg_catalog.lo_create('17105');
SELECT pg_catalog.lo_create('17106');
SELECT pg_catalog.lo_create('17107');
SELECT pg_catalog.lo_create('17108');
SELECT pg_catalog.lo_create('17109');
SELECT pg_catalog.lo_create('17110');
SELECT pg_catalog.lo_create('17111');
SELECT pg_catalog.lo_create('17112');
SELECT pg_catalog.lo_create('17113');
SELECT pg_catalog.lo_create('17114');
SELECT pg_catalog.lo_create('17115');
SELECT pg_catalog.lo_create('17116');
SELECT pg_catalog.lo_create('17117');
SELECT pg_catalog.lo_create('17118');
SELECT pg_catalog.lo_create('17119');
SELECT pg_catalog.lo_create('17120');
SELECT pg_catalog.lo_create('17121');
SELECT pg_catalog.lo_create('17122');
SELECT pg_catalog.lo_create('17123');
SELECT pg_catalog.lo_create('17124');
SELECT pg_catalog.lo_create('17125');
SELECT pg_catalog.lo_create('17126');
SELECT pg_catalog.lo_create('17127');
SELECT pg_catalog.lo_create('17128');
SELECT pg_catalog.lo_create('17130');
SELECT pg_catalog.lo_create('17132');
SELECT pg_catalog.lo_create('17134');
SELECT pg_catalog.lo_create('17135');
SELECT pg_catalog.lo_create('17137');
SELECT pg_catalog.lo_create('17139');

ALTER LARGE OBJECT 16849 OWNER TO postgres;
ALTER LARGE OBJECT 16850 OWNER TO postgres;
ALTER LARGE OBJECT 16851 OWNER TO postgres;
ALTER LARGE OBJECT 16852 OWNER TO postgres;
ALTER LARGE OBJECT 16940 OWNER TO postgres;
ALTER LARGE OBJECT 16941 OWNER TO postgres;
ALTER LARGE OBJECT 16942 OWNER TO postgres;
ALTER LARGE OBJECT 16943 OWNER TO postgres;
ALTER LARGE OBJECT 16944 OWNER TO postgres;
ALTER LARGE OBJECT 16945 OWNER TO postgres;
ALTER LARGE OBJECT 16946 OWNER TO postgres;
ALTER LARGE OBJECT 16947 OWNER TO postgres;
ALTER LARGE OBJECT 16948 OWNER TO postgres;
ALTER LARGE OBJECT 16949 OWNER TO postgres;
ALTER LARGE OBJECT 16950 OWNER TO postgres;
ALTER LARGE OBJECT 16951 OWNER TO postgres;
ALTER LARGE OBJECT 16952 OWNER TO postgres;
ALTER LARGE OBJECT 16953 OWNER TO postgres;
ALTER LARGE OBJECT 16954 OWNER TO postgres;
ALTER LARGE OBJECT 16955 OWNER TO postgres;
ALTER LARGE OBJECT 16956 OWNER TO postgres;
ALTER LARGE OBJECT 16957 OWNER TO postgres;
ALTER LARGE OBJECT 16958 OWNER TO postgres;
ALTER LARGE OBJECT 16959 OWNER TO postgres;
ALTER LARGE OBJECT 16960 OWNER TO postgres;
ALTER LARGE OBJECT 16961 OWNER TO postgres;
ALTER LARGE OBJECT 16962 OWNER TO postgres;
ALTER LARGE OBJECT 16963 OWNER TO postgres;
ALTER LARGE OBJECT 16964 OWNER TO postgres;
ALTER LARGE OBJECT 16965 OWNER TO postgres;
ALTER LARGE OBJECT 16966 OWNER TO postgres;
ALTER LARGE OBJECT 16967 OWNER TO postgres;
ALTER LARGE OBJECT 16968 OWNER TO postgres;
ALTER LARGE OBJECT 16969 OWNER TO postgres;
ALTER LARGE OBJECT 16970 OWNER TO postgres;
ALTER LARGE OBJECT 16971 OWNER TO postgres;
ALTER LARGE OBJECT 16972 OWNER TO postgres;
ALTER LARGE OBJECT 16973 OWNER TO postgres;
ALTER LARGE OBJECT 17063 OWNER TO postgres;
ALTER LARGE OBJECT 17064 OWNER TO postgres;
ALTER LARGE OBJECT 17065 OWNER TO postgres;
ALTER LARGE OBJECT 17072 OWNER TO postgres;
ALTER LARGE OBJECT 17073 OWNER TO postgres;
ALTER LARGE OBJECT 17074 OWNER TO postgres;
ALTER LARGE OBJECT 17075 OWNER TO postgres;
ALTER LARGE OBJECT 17076 OWNER TO postgres;
ALTER LARGE OBJECT 17077 OWNER TO postgres;
ALTER LARGE OBJECT 17078 OWNER TO postgres;
ALTER LARGE OBJECT 17079 OWNER TO postgres;
ALTER LARGE OBJECT 17080 OWNER TO postgres;
ALTER LARGE OBJECT 17081 OWNER TO postgres;
ALTER LARGE OBJECT 17082 OWNER TO postgres;
ALTER LARGE OBJECT 17083 OWNER TO postgres;
ALTER LARGE OBJECT 17084 OWNER TO postgres;
ALTER LARGE OBJECT 17085 OWNER TO postgres;
ALTER LARGE OBJECT 17086 OWNER TO postgres;
ALTER LARGE OBJECT 17087 OWNER TO postgres;
ALTER LARGE OBJECT 17088 OWNER TO postgres;
ALTER LARGE OBJECT 17089 OWNER TO postgres;
ALTER LARGE OBJECT 17090 OWNER TO postgres;
ALTER LARGE OBJECT 17091 OWNER TO postgres;
ALTER LARGE OBJECT 17092 OWNER TO postgres;
ALTER LARGE OBJECT 17093 OWNER TO postgres;
ALTER LARGE OBJECT 17094 OWNER TO postgres;
ALTER LARGE OBJECT 17095 OWNER TO postgres;
ALTER LARGE OBJECT 17096 OWNER TO postgres;
ALTER LARGE OBJECT 17097 OWNER TO postgres;
ALTER LARGE OBJECT 17098 OWNER TO postgres;
ALTER LARGE OBJECT 17099 OWNER TO postgres;
ALTER LARGE OBJECT 17100 OWNER TO postgres;
ALTER LARGE OBJECT 17101 OWNER TO postgres;
ALTER LARGE OBJECT 17102 OWNER TO postgres;
ALTER LARGE OBJECT 17103 OWNER TO postgres;
ALTER LARGE OBJECT 17104 OWNER TO postgres;
ALTER LARGE OBJECT 17105 OWNER TO postgres;
ALTER LARGE OBJECT 17106 OWNER TO postgres;
ALTER LARGE OBJECT 17107 OWNER TO postgres;
ALTER LARGE OBJECT 17108 OWNER TO postgres;
ALTER LARGE OBJECT 17109 OWNER TO postgres;
ALTER LARGE OBJECT 17110 OWNER TO postgres;
ALTER LARGE OBJECT 17111 OWNER TO postgres;
ALTER LARGE OBJECT 17112 OWNER TO postgres;
ALTER LARGE OBJECT 17113 OWNER TO postgres;
ALTER LARGE OBJECT 17114 OWNER TO postgres;
ALTER LARGE OBJECT 17115 OWNER TO postgres;
ALTER LARGE OBJECT 17116 OWNER TO postgres;
ALTER LARGE OBJECT 17117 OWNER TO postgres;
ALTER LARGE OBJECT 17118 OWNER TO postgres;
ALTER LARGE OBJECT 17119 OWNER TO postgres;
ALTER LARGE OBJECT 17120 OWNER TO postgres;
ALTER LARGE OBJECT 17121 OWNER TO postgres;
ALTER LARGE OBJECT 17122 OWNER TO postgres;
ALTER LARGE OBJECT 17123 OWNER TO postgres;
ALTER LARGE OBJECT 17124 OWNER TO postgres;
ALTER LARGE OBJECT 17125 OWNER TO postgres;
ALTER LARGE OBJECT 17126 OWNER TO postgres;
ALTER LARGE OBJECT 17127 OWNER TO postgres;
ALTER LARGE OBJECT 17128 OWNER TO postgres;
ALTER LARGE OBJECT 17130 OWNER TO postgres;
ALTER LARGE OBJECT 17132 OWNER TO postgres;
ALTER LARGE OBJECT 17134 OWNER TO postgres;
ALTER LARGE OBJECT 17135 OWNER TO postgres;
ALTER LARGE OBJECT 17137 OWNER TO postgres;
ALTER LARGE OBJECT 17139 OWNER TO postgres;

--
-- TOC entry 4867 (class 0 OID 17204)
-- Dependencies: 218
-- Data for Name: category; Type: TABLE DATA; Schema: public; Owner: postgres
--

COPY public.category (id, name) FROM stdin;
1	Soil Searching
2	Leaf Me Alone
3	Herb Your Enthusiasm
4	Pest Side Story
5	What the Fungus?!
6	Floral Affairs
7	Plant Hacks & Other Crimes
8	Hot Compost Summer
9	Root of the Problem
10	The Dirt Files
\.


--
-- TOC entry 4869 (class 0 OID 17210)
-- Dependencies: 220
-- Data for Name: person; Type: TABLE DATA; Schema: public; Owner: postgres
--

COPY public.person (id, account_type, email, name, password, profile_picture, motto) FROM stdin;
1	0	fernie@gg.com	Fernie Sanders	test	1	Politics of plants!
2	0	dirt@gg.com	Dirt Reynolds	test	1	Cultivating charisma.
3	0	shrub@gg.com	Shrub Marley	test	2	Don’t worry, weed happy.
4	0	thyme@gg.com	Thyme Lord	test	1	A garden blogger through space and thyme.
5	0	compost@gg.com	Compost Malone	test	2	Making trash cool again.
6	0	weedonna@gg.com	Weedonna Ryder	test	3	Rebellious plant tales.
7	0	neil@gg.com	Neil Lawnstrong	test	1	One small step for man, one giant patch of grass.
8	0	willy@gg.com	Willy Weeder	test	2	Pulling no punches... or dandelions.
9	0	bud@gg.com	Bud Sheeran	test	1	Soft songs and softer petals.
10	0	oprah@gg.com	Oprah Winflower	test	3	You get a plant! And you get a plant!
11	0	plant@gg.com	Plant Eastwood	test	1	Go ahead, mulch my day.
12	0	gardenia@gg.com	Gardenia Jolie	test	3	Glamour in the greenhouse.
13	0	tina@gg.com	Tina Turnip	test	3	Simply the zest!
\.


--
-- TOC entry 4871 (class 0 OID 17219)
-- Dependencies: 222
-- Data for Name: post; Type: TABLE DATA; Schema: public; Owner: postgres
--

COPY public.post (id, content, image, sub_title, "timestamp", title, person_id) FROM stdin;
6	From snake plants to pothos, meet low-maintenance beauties that tolerate your forgetfulness and thrive anyway. Discover which plants can survive in low light, which like humidity, and which need a little extra TLC.\n\nWith these resilient greens, even black thumbs can achieve plant-parenthood glory.	https://img.freepik.com/free-vector/new-normal-hobby-doodle-vector-with-plant-parent_53876-140948.jpg?ga=GA1.1.2017358606.1747576772&semt=ais_hybrid&w=740	A naughty but nice guide to houseplants that won't judge your watering schedule.	2025-03-09 14:26:14.491	50 Shades of Green	6
9	A quick dive into why mulch matters: suppressing weeds, keeping moisture in, and making your beds look like they got a spa day. Choose from bark chips, straw, leaves, or compost depending on your garden style.\n\nApply mulch right and watch your plants thrive in a cozy, protected environment.	https://img.freepik.com/free-vector/new-normal-hobby-doodle-vector-with-plant-parent_53876-140948.jpg?ga=GA1.1.2017358606.1747576772&semt=ais_hybrid&w=740	Why mulching isn’t boring—it’s the foundation of your garden’s glow-up.	2025-03-21 20:03:26.464	Mulch Ado About Nothing	9
10	Learn how to construct a raised bed that drains well, grows better, and makes you feel like you’ve got your gardening life together. From wood choices to soil mix, this guide will help you build a thriving mini-farm.\n\nRaised beds are great for better root growth, easier maintenance, and cleaner veggies.	https://img.freepik.com/free-vector/new-normal-hobby-doodle-vector-with-plant-parent_53876-140948.jpg?ga=GA1.1.2017358606.1747576772&semt=ais_hybrid&w=740	Build a garden bed that says “I read at least one Pinterest tutorial.”	2025-03-04 23:52:09.494	Raised Bed, Raised Standards	10
11	Research says gardening lowers stress, but honestly, we just like yelling at weeds. Dig in—literally—and find your calm. The physical activity combined with nurturing life brings balance and joy.\n\nGet your hands in the soil and feel the worries wash away.	https://img.freepik.com/free-vector/new-normal-hobby-doodle-vector-with-plant-parent_53876-140948.jpg?ga=GA1.1.2017358606.1747576772&semt=ais_hybrid&w=740	The hands-on joy of gardening and the mental health perks that come with it.	2025-02-28 06:58:55.424	Let’s Get Dirty	11
12	Raised beds started out neat and tidy—just like your best intentions. But one season in, the tomatoes staged a coup, the zucchini mutated into a vine monster, and the basil is suspiciously missing. This post helps you rein in the chaos with tips for trellising, succession planting, and not letting your dreams get smothered in squash leaves. Keep the flair, lose the flare-ups, and learn to love the wild side of gardening.	https://img.freepik.com/free-vector/new-normal-hobby-doodle-vector-with-plant-parent_53876-140948.jpg?ga=GA1.1.2017358606.1747576772&semt=ais_hybrid&w=740	What happens when your garden outgrows your Pinterest plans.	2025-01-13 01:01:32.455	Plot Twist: Raised Beds Gone Wild	12
13	Ferns aren’t flashy. They don’t bloom or brag. But they’ve mastered the art of thriving in low light, high humidity, and mild neglect. This gentle guide shows you how to create a lush, fern-friendly habitat using misting, indirect light, and patience. Whether it’s a maidenhair or a Boston fern, you’ll fall hard for these frond-filled companions.	https://img.freepik.com/free-vector/new-normal-hobby-doodle-vector-with-plant-parent_53876-140948.jpg?ga=GA1.1.2017358606.1747576772&semt=ais_hybrid&w=740	A love story told in spores and shade.	2025-01-02 00:21:43.583	Ferns of Endearment	13
14	Someone’s been dulling the pruners and misplacing the trowel—and it’s not just squirrels. In this tongue-in-cheek tale of sabotage and suspense, we use a mystery format to sneak in real tips about tool maintenance, storage safety, and the essential items every gardener should lock up tighter than their neighbor’s tomato secrets.	https://img.freepik.com/free-vector/new-normal-hobby-doodle-vector-with-plant-parent_53876-140948.jpg?ga=GA1.1.2017358606.1747576772&semt=ais_hybrid&w=740	A (fictional) whodunit thriller set in a shed near you.	2025-05-08 11:06:24.821	The Garden Toolshed Murders	1
15	Weeds happen. But you’re not powerless. This post arms you with smart weeding strategies—from mulching and hoeing to pre-emergent strikes. You’ll also learn to identify friend from foe (hint: not all volunteers are welcome) and how to keep your sanity while your neighbors let their dandelions run wild.	https://img.freepik.com/free-vector/new-normal-hobby-doodle-vector-with-plant-parent_53876-140948.jpg?ga=GA1.1.2017358606.1747576772&semt=ais_hybrid&w=740	Why the best revenge is served in mulch.	2025-02-08 12:51:49.234	Weed It and Reap	2
16	Is your soil ready for tilling, or are you just disturbing its peace? We explore the pros and cons of hoeing, no-dig gardening, and when to let nature do the heavy lifting. Spoiler: sometimes the best action is composting and waiting. Your back will thank you, and so will your soil microbes.	https://img.freepik.com/free-vector/new-normal-hobby-doodle-vector-with-plant-parent_53876-140948.jpg?ga=GA1.1.2017358606.1747576772&semt=ais_hybrid&w=740	The ethics and effort of breaking ground.	2025-05-12 11:43:25.539	To Hoe or Not to Hoe	3
3	Learn how to turn kitchen scraps and garden waste into rich, nutritious compost with minimal effort—and maximum swagger. Composting reduces waste, feeds your plants, and even attracts beneficial critters. The key is balancing browns and greens, moisture, and turning your pile to speed up decomposition.\n\nWhether you use a bin, a tumbler, or just a corner of your yard, good compost smells earthy and fresh, not like a landfill. With patience and a little care, your plants will thank you with bigger blooms and tastier veggies.	https://img.freepik.com/free-vector/new-normal-hobby-doodle-vector-with-plant-parent_53876-140948.jpg?ga=GA1.1.2017358606.1747576772&semt=ais_hybrid&w=740	Because trash talk belongs in your soil.	2025-03-02 16:54:00.992	Compost Malone: The Dirt on Decomposition	3
2	Herbs are the overachievers of the gardening world. They’re fast, fragrant, and fairly forgiving—even if you occasionally forget to water them or use them only for that one pasta dish you swore you’d make every week. Whether you’re growing them in a kitchen windowsill, balcony boxes, or a backyard patch, herbs are the gateway drug to a lifelong love affair with gardening.\n\nTo get your herbs to flourish fast, start with the basics: sunlight and drainage. Most culinary herbs like basil, thyme, rosemary, and oregano are Mediterranean natives. That means they thrive in full sun and prefer well-draining soil.\n\nNow let’s talk containers. Herbs like to stretch their roots a bit but don’t need a ton of space. Clay pots help prevent overwatering, and raised beds work too—just keep mint from staging a takeover.\n\nWater deeply when the soil feels dry about an inch down. Basil wilts like a drama queen but bounces back quickly. Fertilize monthly, pinch off flowers, and harvest often. Thyme may fly, but your garden will thrive with a little love, sun, and snip of scissors.	https://img.freepik.com/free-vector/new-normal-hobby-doodle-vector-with-plant-parent_53876-140948.jpg?ga=GA1.1.2017358606.1747576772&semt=ais_hybrid&w=740	How to grow herbs faster than you forget where you planted them.	2025-05-10 12:04:00.074	Thyme Flies When You're Having Fun	2
4	This guide dishes out soil blends, watering schedules, and how to whisper sweet nothings to your tomatoes for shockingly good results. From choosing the right variety to staking and pruning, learn the secrets of tomato success.\n\nOrganic methods protect pollinators and keep your harvest chemical-free. Watch out for pests like hornworms and blight, and tackle problems early to enjoy a bumper crop all season.	https://img.freepik.com/free-vector/new-normal-hobby-doodle-vector-with-plant-parent_53876-140948.jpg?ga=GA1.1.2017358606.1747576772&semt=ais_hybrid&w=740	Grow juicy, bold tomatoes that taste like summer—without the pesticide paranoia.	2025-03-17 03:25:54.332	Attack of the Killer Tomatoes (But Make It Organic)	4
21	Music for your plants? Sure. But how about dancing while sowing seeds and harvesting greens? This post celebrates edible gardening with flair—from fast-growing salad mixes to root crops that hit the high notes. Turn your backyard into a beat-dropping, beet-growing stage for the senses.	https://img.freepik.com/free-vector/new-normal-hobby-doodle-vector-with-plant-parent_53876-140948.jpg?ga=GA1.1.2017358606.1747576772&semt=ais_hybrid&w=740	Grow your dinner and drop the bass.	2025-01-14 17:48:16.571	Lettuce Turnip the Beet	8
22	You didn’t plant it. You didn’t want it. But that rogue zucchini vine is back—and it’s not alone. Learn how to identify, manage, and—if needed—embrace volunteer plants that rise from your compost like botanical zombies. It’s spooky, it’s squashy, and it’s surprisingly useful.	https://img.freepik.com/free-vector/new-normal-hobby-doodle-vector-with-plant-parent_53876-140948.jpg?ga=GA1.1.2017358606.1747576772&semt=ais_hybrid&w=740	They came from the compost...	2025-01-15 16:00:25.892	Night of the Living Zucchini	9
17	If you’ve ever owned a fit-throwing fiddle leaf fig, you know that not all houseplants are chill. This post explores the neediest plants (hello, calatheas) and how to care for them without losing your mind—or your humidity tray. Plus: signs your plant just needs water... or therapy.	https://img.freepik.com/free-vector/new-normal-hobby-doodle-vector-with-plant-parent_53876-140948.jpg?ga=GA1.1.2017358606.1747576772&semt=ais_hybrid&w=740	Some plants are drama queens, and that’s okay.	2025-05-16 13:22:19.771	Leaf Me Out of It	4
19	You feel it in your gut when basil needs water. But intuition needs backup. This spicy post shares practical wisdom on growing basil from seed, avoiding pests like aphids, and harvesting in a way that keeps those leaves coming. Bonus: how to make pesto that doesn’t turn brown.	https://img.freepik.com/free-vector/new-normal-hobby-doodle-vector-with-plant-parent_53876-140948.jpg?ga=GA1.1.2017358606.1747576772&semt=ais_hybrid&w=740	Intuition, seasoning, and survival tips.	2025-05-24 22:02:54.121	Basil Instinct	6
18	Root rot? Shallow growth? Stunted vibes? This is your wake-up call—for you and your garden. We share how to refresh your soil, trim roots safely, and give your plants a second chance at life. It’s about radical recovery, not just repotting. Reboot your garden karma one root ball at a time.	https://img.freepik.com/free-vector/new-normal-hobby-doodle-vector-with-plant-parent_53876-140948.jpg?ga=GA1.1.2017358606.1747576772&semt=ais_hybrid&w=740	Reviving your neglected roots and maybe yourself.	2025-05-17 11:20:57.724	The Root Awakens	5
1	Apartment with bad lighting? No problem. This guide to indoor plant parenting covers low-light favorites, humidity hacks, and how to make a grow light setup look chic. Turn your sad shelf into a tropical escape—minus the airfare.	https://img.freepik.com/free-vector/new-normal-hobby-doodle-vector-with-plant-parent_53876-140948.jpg?ga=GA1.1.2017358606.1747576772&semt=ais_hybrid&w=740	Plant therapy for the window-light starved.	2025-04-24 16:35:05.896	The Great Indoors: Houseplant Edition	1
5	We demystify pruning so you can trim with confidence—whether it’s roses, fruit trees, or that overachieving shrub trying to swallow your porch. Pruning encourages growth, improves air circulation, and helps plants focus energy on flowers and fruit.\n\nUse clean tools, know your timing, and avoid over-pruning. You’ll soon be snipping like a pro, making your garden look neat and thriving.	https://img.freepik.com/free-vector/new-normal-hobby-doodle-vector-with-plant-parent_53876-140948.jpg?ga=GA1.1.2017358606.1747576772&semt=ais_hybrid&w=740	A snip in time saves nine dead branches.	2025-03-01 16:47:08.441	Don't Be a Prune: How to Actually Prune Things	5
20	Plants need structure. Whether you’re companion planting, rotating crops, or teaching your morning glories to march up a trellis, this guide breaks down plant hierarchy and spacing. You’ll learn how to build garden order that feels like harmony, not a dictatorship.	https://img.freepik.com/free-vector/new-normal-hobby-doodle-vector-with-plant-parent_53876-140948.jpg?ga=GA1.1.2017358606.1747576772&semt=ais_hybrid&w=740	How to get your garden marching in line.	2025-01-22 19:28:11.129	Daisy Chains of Command	7
7	Learn the secrets to dethatching, feeding, and leveling your lawn without offering bribes to your neighbors’ sprinklers. From choosing the right grass seed to proper mowing height, this guide will help you keep your lawn lush and enviable.\n\nRemember, consistency is key—water wisely, fertilize seasonally, and watch the magic happen.	https://img.freepik.com/free-vector/new-normal-hobby-doodle-vector-with-plant-parent_53876-140948.jpg?ga=GA1.1.2017358606.1747576772&semt=ais_hybrid&w=740	Wake up with the greenest grass in the neighborhood.	2025-02-01 19:00:43.249	The Sodfather: Lawn Care You Can’t Refuse	7
8	Meet your enemies (aphids, beetles, and slugs), then learn how to banish them using natural, pet-safe tactics that smell better than chemical warfare. Encourage beneficial insects, use companion planting, and apply homemade sprays to keep pests in check.\n\nYour garden is your turf—protect it smartly.	https://img.freepik.com/free-vector/new-normal-hobby-doodle-vector-with-plant-parent_53876-140948.jpg?ga=GA1.1.2017358606.1747576772&semt=ais_hybrid&w=740	The ultimate showdown between you and garden invaders.	2025-01-16 23:29:41.213	Pests and the Furious	8
23	Psst. Want to grow tomatoes that taste like sunshine? Join the Secret Soilciety. In this hush-hush post, we share insider soil hacks, compost blends, and underground gardening rituals (some involving banana peels and coffee grounds) to give you the upper hand in the plant world.	https://img.freepik.com/free-vector/new-normal-hobby-doodle-vector-with-plant-parent_53876-140948.jpg?ga=GA1.1.2017358606.1747576772&semt=ais_hybrid&w=740	Secret garden tips we shouldn’t be telling you.	2025-04-15 11:30:05.461	The Secret Soilciety	10
25	Watering your plants is more than a chore—it’s a quiet ritual of attention and care. Learn how drip systems, soaker hoses, and hand watering can help you show up for your green friends (and yourself) with mindfulness. Hydrate your garden, and your soul.	https://img.freepik.com/free-vector/new-normal-hobby-doodle-vector-with-plant-parent_53876-140948.jpg?ga=GA1.1.2017358606.1747576772&semt=ais_hybrid&w=740	Why irrigation is a form of self-care.	2025-04-23 15:46:27.172	Hose Before Bros	12
26	Succulents: They ask for almost nothing, look gorgeous, and won’t guilt trip you for forgetting to water. This post celebrates aloe, echeveria, and other self-sufficient beauties that thrive with neglect and minimal fuss. Love might be complicated—your plants don’t have to be.	https://img.freepik.com/free-vector/new-normal-hobby-doodle-vector-with-plant-parent_53876-140948.jpg?ga=GA1.1.2017358606.1747576772&semt=ais_hybrid&w=740	Low-maintenance succulents for emotionally unavailable gardeners.	2025-05-19 18:49:59.397	You Had Me at Aloe	13
24	Whether you’re urban gardening or working a backyard that once held a chicken coop, this post is about the weird stuff you find in your soil—and what it tells you. From nails to fossils, unearthing your garden’s history can be enlightening, a little eerie, and very educational.	https://img.freepik.com/free-vector/new-normal-hobby-doodle-vector-with-plant-parent_53876-140948.jpg?ga=GA1.1.2017358606.1747576772&semt=ais_hybrid&w=740	Every shovel full uncovers more than just clay.	2025-02-23 08:59:38.662	Digging Up the Past (Literally)	11
\.


--
-- TOC entry 4872 (class 0 OID 17226)
-- Dependencies: 223
-- Data for Name: post_category; Type: TABLE DATA; Schema: public; Owner: postgres
--

COPY public.post_category (post_id, category_id) FROM stdin;
1	1
2	2
3	9
4	1
5	6
6	1
7	9
8	3
9	9
10	10
11	5
12	5
13	9
14	10
15	4
16	3
17	10
18	6
19	1
20	2
21	6
22	7
23	9
24	5
25	8
26	10
\.


--
-- TOC entry 4881 (class 0 OID 0)
-- Dependencies: 217
-- Name: category_id_seq; Type: SEQUENCE SET; Schema: public; Owner: postgres
--

SELECT pg_catalog.setval('public.category_id_seq', 1, false);


--
-- TOC entry 4882 (class 0 OID 0)
-- Dependencies: 219
-- Name: person_id_seq; Type: SEQUENCE SET; Schema: public; Owner: postgres
--

SELECT pg_catalog.setval('public.person_id_seq', 1, false);


--
-- TOC entry 4883 (class 0 OID 0)
-- Dependencies: 221
-- Name: post_id_seq; Type: SEQUENCE SET; Schema: public; Owner: postgres
--

SELECT pg_catalog.setval('public.post_id_seq', 26, true);


--
-- TOC entry 4874 (class 0 OID 0)
-- Dependencies: 4873 4875
-- Data for Name: 16849..17139; Type: BLOBS; Schema: -; Owner: postgres
--

BEGIN;

SELECT pg_catalog.lo_open('16849', 131072);
SELECT pg_catalog.lowrite(0, '\x47726f77696e6720796f7572206f776e20766567657461626c65732069736ee2809974206a7573742061626f757420706c616e74696e6720736565647320616e64207761746572696e67207468656de28094697427732061626f7574206275696c64696e672061206c6976696e672c20627265617468696e672065636f73797374656d2072696768742062656e6561746820796f757220666565742e20546865206865616c7468206f6620796f757220736f696c2069732074686520666f756e646174696f6e206f66206576657279207375636365737366756c20766567657461626c652067617264656e2e20496e207468697320706f73742c207765e280996c6c206578706c6f726520686f7720656e72696368696e6720796f757220736f696c206e61747572616c6c79207468726f75676820636f6d706f7374696e672063616e206c65616420746f20746173746965722c206d6f7265206e7574726974696f757320766567657461626c65732e204865616c74687920736f696c2069732066756c6c206f66206c6966653a2062616374657269612c2066756e67692c20776f726d732c20616e64206f74686572206d6963726f6f7267616e69736d7320776f726b20746f67657468657220746f20627265616b20646f776e206f7267616e6963206d617474657220616e64206d616b65206e75747269656e747320617661696c61626c6520746f20796f757220706c616e74732e20576974686f757420746869732062616c616e63652c20796f757220766567657461626c6573206d61792073757276697665e28094627574207468657920776f6ee2809974207468726976652e20506f6f7220736f696c206d65616e733a205374756e7465642067726f7774682c204c6f77207969656c64732c20496e6372656173656420737573636570746962696c69747920746f20706573747320616e6420646973656173652e204275742074686520676f6f64206e6577733f20596f752063616e206669782074686174207769746820636f6d706f73742e20436f6d706f7374206973206465636f6d706f736564206f7267616e6963206d6174657269616c206c696b6520666f6f64207363726170732c206c65617665732c20616e642067617264656e2077617374652e205768656e20796f75206665656420796f757220736f696c2c20796f75e280997265206e6f74206a7573742068656c70696e6720796f757220766567657461626c65732067726f77e28094796f75e280997265206372656174696e672061206d6f7265207375737461696e61626c652c2073656c662d73756666696369656e742067617264656e2e20546865206265737420706172743f20596f757220666f6f642077696c6c2074617374652062657474657220616e642062652062657474657220666f7220796f752c2073747261696768742066726f6d20736f696c2074686174e280997320617320616c6976652061732074686520706c616e747320697420737570706f7274732e2048617070792067726f77696e6721');
SELECT pg_catalog.lo_close(0);

SELECT pg_catalog.lo_open('16850', 131072);
SELECT pg_catalog.lowrite(0, '\x47726f77696e6720796f7572206f776e20766567657461626c65732069736ee2809974206a7573742061626f757420706c616e74696e6720736565647320616e64207761746572696e67207468656de28094697427732061626f7574206275696c64696e672061206c6976696e672c20627265617468696e672065636f73797374656d2072696768742062656e6561746820796f757220666565742e20546865206865616c7468206f6620796f757220736f696c2069732074686520666f756e646174696f6e206f66206576657279207375636365737366756c20766567657461626c652067617264656e2e20496e207468697320706f73742c207765e280996c6c206578706c6f726520686f7720656e72696368696e6720796f757220736f696c206e61747572616c6c79207468726f75676820636f6d706f7374696e672063616e206c65616420746f20746173746965722c206d6f7265206e7574726974696f757320766567657461626c65732e204865616c74687920736f696c2069732066756c6c206f66206c6966653a2062616374657269612c2066756e67692c20776f726d732c20616e64206f74686572206d6963726f6f7267616e69736d7320776f726b20746f67657468657220746f20627265616b20646f776e206f7267616e6963206d617474657220616e64206d616b65206e75747269656e747320617661696c61626c6520746f20796f757220706c616e74732e20576974686f757420746869732062616c616e63652c20796f757220766567657461626c6573206d61792073757276697665e28094627574207468657920776f6ee2809974207468726976652e20506f6f7220736f696c206d65616e733a205374756e7465642067726f7774682c204c6f77207969656c64732c20496e6372656173656420737573636570746962696c69747920746f20706573747320616e6420646973656173652e204275742074686520676f6f64206e6577733f20596f752063616e206669782074686174207769746820636f6d706f73742e20436f6d706f7374206973206465636f6d706f736564206f7267616e6963206d6174657269616c206c696b6520666f6f64207363726170732c206c65617665732c20616e642067617264656e2077617374652e205768656e20796f75206665656420796f757220736f696c2c20796f75e280997265206e6f74206a7573742068656c70696e6720796f757220766567657461626c65732067726f77e28094796f75e280997265206372656174696e672061206d6f7265207375737461696e61626c652c2073656c662d73756666696369656e742067617264656e2e20546865206265737420706172743f20596f757220666f6f642077696c6c2074617374652062657474657220616e642062652062657474657220666f7220796f752c2073747261696768742066726f6d20736f696c2074686174e280997320617320616c6976652061732074686520706c616e747320697420737570706f7274732e2048617070792067726f77696e6721');
SELECT pg_catalog.lo_close(0);

SELECT pg_catalog.lo_open('16851', 131072);
SELECT pg_catalog.lowrite(0, '\x48617070792067726f77696e6721');
SELECT pg_catalog.lo_close(0);

SELECT pg_catalog.lo_open('16852', 131072);
SELECT pg_catalog.lowrite(0, '\x48617070792067726f77696e6721');
SELECT pg_catalog.lo_close(0);

SELECT pg_catalog.lo_open('16940', 131072);
SELECT pg_catalog.lowrite(0, '\x47726f77696e6720796f7572206f776e20766567657461626c65732069736ee2809974206a7573742061626f757420706c616e74696e6720736565647320616e64207761746572696e67207468656de28094697427732061626f7574206275696c64696e672061206c6976696e672c20627265617468696e672065636f73797374656d2072696768742062656e6561746820796f757220666565742e20546865206865616c7468206f6620796f757220736f696c2069732074686520666f756e646174696f6e206f66206576657279207375636365737366756c20766567657461626c652067617264656e2e20496e207468697320706f73742c207765e280996c6c206578706c6f726520686f7720656e72696368696e6720796f757220736f696c206e61747572616c6c79207468726f75676820636f6d706f7374696e672063616e206c65616420746f20746173746965722c206d6f7265206e7574726974696f757320766567657461626c65732e204865616c74687920736f696c2069732066756c6c206f66206c6966653a2062616374657269612c2066756e67692c20776f726d732c20616e64206f74686572206d6963726f6f7267616e69736d7320776f726b20746f67657468657220746f20627265616b20646f776e206f7267616e6963206d617474657220616e64206d616b65206e75747269656e747320617661696c61626c6520746f20796f757220706c616e74732e20576974686f757420746869732062616c616e63652c20796f757220766567657461626c6573206d61792073757276697665e28094627574207468657920776f6ee2809974207468726976652e20506f6f7220736f696c206d65616e733a205374756e7465642067726f7774682c204c6f77207969656c64732c20496e6372656173656420737573636570746962696c69747920746f20706573747320616e6420646973656173652e204275742074686520676f6f64206e6577733f20596f752063616e206669782074686174207769746820636f6d706f73742e20436f6d706f7374206973206465636f6d706f736564206f7267616e6963206d6174657269616c206c696b6520666f6f64207363726170732c206c65617665732c20616e642067617264656e2077617374652e205768656e20796f75206665656420796f757220736f696c2c20796f75e280997265206e6f74206a7573742068656c70696e6720796f757220766567657461626c65732067726f77e28094796f75e280997265206372656174696e672061206d6f7265207375737461696e61626c652c2073656c662d73756666696369656e742067617264656e2e20546865206265737420706172743f20596f757220666f6f642077696c6c2074617374652062657474657220616e642062652062657474657220666f7220796f752c2073747261696768742066726f6d20736f696c2074686174e280997320617320616c6976652061732074686520706c616e747320697420737570706f7274732e2048617070792067726f77696e6721');
SELECT pg_catalog.lo_close(0);

SELECT pg_catalog.lo_open('16941', 131072);
SELECT pg_catalog.lowrite(0, '\x47726f77696e6720796f7572206f776e20766567657461626c65732069736ee2809974206a7573742061626f757420706c616e74696e6720736565647320616e64207761746572696e67207468656de28094697427732061626f7574206275696c64696e672061206c6976696e672c20627265617468696e672065636f73797374656d2072696768742062656e6561746820796f757220666565742e20546865206865616c7468206f6620796f757220736f696c2069732074686520666f756e646174696f6e206f66206576657279207375636365737366756c20766567657461626c652067617264656e2e20496e207468697320706f73742c207765e280996c6c206578706c6f726520686f7720656e72696368696e6720796f757220736f696c206e61747572616c6c79207468726f75676820636f6d706f7374696e672063616e206c65616420746f20746173746965722c206d6f7265206e7574726974696f757320766567657461626c65732e204865616c74687920736f696c2069732066756c6c206f66206c6966653a2062616374657269612c2066756e67692c20776f726d732c20616e64206f74686572206d6963726f6f7267616e69736d7320776f726b20746f67657468657220746f20627265616b20646f776e206f7267616e6963206d617474657220616e64206d616b65206e75747269656e747320617661696c61626c6520746f20796f757220706c616e74732e20576974686f757420746869732062616c616e63652c20796f757220766567657461626c6573206d61792073757276697665e28094627574207468657920776f6ee2809974207468726976652e20506f6f7220736f696c206d65616e733a205374756e7465642067726f7774682c204c6f77207969656c64732c20496e6372656173656420737573636570746962696c69747920746f20706573747320616e6420646973656173652e204275742074686520676f6f64206e6577733f20596f752063616e206669782074686174207769746820636f6d706f73742e20436f6d706f7374206973206465636f6d706f736564206f7267616e6963206d6174657269616c206c696b6520666f6f64207363726170732c206c65617665732c20616e642067617264656e2077617374652e205768656e20796f75206665656420796f757220736f696c2c20796f75e280997265206e6f74206a7573742068656c70696e6720796f757220766567657461626c65732067726f77e28094796f75e280997265206372656174696e672061206d6f7265207375737461696e61626c652c2073656c662d73756666696369656e742067617264656e2e20546865206265737420706172743f20596f757220666f6f642077696c6c2074617374652062657474657220616e642062652062657474657220666f7220796f752c2073747261696768742066726f6d20736f696c2074686174e280997320617320616c6976652061732074686520706c616e747320697420737570706f7274732e2048617070792067726f77696e6721');
SELECT pg_catalog.lo_close(0);

SELECT pg_catalog.lo_open('16942', 131072);
SELECT pg_catalog.lowrite(0, '\x47726f77696e6720796f7572206f776e20766567657461626c65732069736ee2809974206a7573742061626f757420706c616e74696e6720736565647320616e64207761746572696e67207468656de28094697427732061626f7574206275696c64696e672061206c6976696e672c20627265617468696e672065636f73797374656d2072696768742062656e6561746820796f757220666565742e20546865206865616c7468206f6620796f757220736f696c2069732074686520666f756e646174696f6e206f66206576657279207375636365737366756c20766567657461626c652067617264656e2e20496e207468697320706f73742c207765e280996c6c206578706c6f726520686f7720656e72696368696e6720796f757220736f696c206e61747572616c6c79207468726f75676820636f6d706f7374696e672063616e206c65616420746f20746173746965722c206d6f7265206e7574726974696f757320766567657461626c65732e204865616c74687920736f696c2069732066756c6c206f66206c6966653a2062616374657269612c2066756e67692c20776f726d732c20616e64206f74686572206d6963726f6f7267616e69736d7320776f726b20746f67657468657220746f20627265616b20646f776e206f7267616e6963206d617474657220616e64206d616b65206e75747269656e747320617661696c61626c6520746f20796f757220706c616e74732e20576974686f757420746869732062616c616e63652c20796f757220766567657461626c6573206d61792073757276697665e28094627574207468657920776f6ee2809974207468726976652e20506f6f7220736f696c206d65616e733a205374756e7465642067726f7774682c204c6f77207969656c64732c20496e6372656173656420737573636570746962696c69747920746f20706573747320616e6420646973656173652e204275742074686520676f6f64206e6577733f20596f752063616e206669782074686174207769746820636f6d706f73742e20436f6d706f7374206973206465636f6d706f736564206f7267616e6963206d6174657269616c206c696b6520666f6f64207363726170732c206c65617665732c20616e642067617264656e2077617374652e205768656e20796f75206665656420796f757220736f696c2c20796f75e280997265206e6f74206a7573742068656c70696e6720796f757220766567657461626c65732067726f77e28094796f75e280997265206372656174696e672061206d6f7265207375737461696e61626c652c2073656c662d73756666696369656e742067617264656e2e20546865206265737420706172743f20596f757220666f6f642077696c6c2074617374652062657474657220616e642062652062657474657220666f7220796f752c2073747261696768742066726f6d20736f696c2074686174e280997320617320616c6976652061732074686520706c616e747320697420737570706f7274732e2048617070792067726f77696e6721');
SELECT pg_catalog.lo_close(0);

SELECT pg_catalog.lo_open('16943', 131072);
SELECT pg_catalog.lowrite(0, '\x47726f77696e6720796f7572206f776e20766567657461626c65732069736ee2809974206a7573742061626f757420706c616e74696e6720736565647320616e64207761746572696e67207468656de28094697427732061626f7574206275696c64696e672061206c6976696e672c20627265617468696e672065636f73797374656d2072696768742062656e6561746820796f757220666565742e20546865206865616c7468206f6620796f757220736f696c2069732074686520666f756e646174696f6e206f66206576657279207375636365737366756c20766567657461626c652067617264656e2e20496e207468697320706f73742c207765e280996c6c206578706c6f726520686f7720656e72696368696e6720796f757220736f696c206e61747572616c6c79207468726f75676820636f6d706f7374696e672063616e206c65616420746f20746173746965722c206d6f7265206e7574726974696f757320766567657461626c65732e204865616c74687920736f696c2069732066756c6c206f66206c6966653a2062616374657269612c2066756e67692c20776f726d732c20616e64206f74686572206d6963726f6f7267616e69736d7320776f726b20746f67657468657220746f20627265616b20646f776e206f7267616e6963206d617474657220616e64206d616b65206e75747269656e747320617661696c61626c6520746f20796f757220706c616e74732e20576974686f757420746869732062616c616e63652c20796f757220766567657461626c6573206d61792073757276697665e28094627574207468657920776f6ee2809974207468726976652e20506f6f7220736f696c206d65616e733a205374756e7465642067726f7774682c204c6f77207969656c64732c20496e6372656173656420737573636570746962696c69747920746f20706573747320616e6420646973656173652e204275742074686520676f6f64206e6577733f20596f752063616e206669782074686174207769746820636f6d706f73742e20436f6d706f7374206973206465636f6d706f736564206f7267616e6963206d6174657269616c206c696b6520666f6f64207363726170732c206c65617665732c20616e642067617264656e2077617374652e205768656e20796f75206665656420796f757220736f696c2c20796f75e280997265206e6f74206a7573742068656c70696e6720796f757220766567657461626c65732067726f77e28094796f75e280997265206372656174696e672061206d6f7265207375737461696e61626c652c2073656c662d73756666696369656e742067617264656e2e20546865206265737420706172743f20596f757220666f6f642077696c6c2074617374652062657474657220616e642062652062657474657220666f7220796f752c2073747261696768742066726f6d20736f696c2074686174e280997320617320616c6976652061732074686520706c616e747320697420737570706f7274732e2048617070792067726f77696e6721');
SELECT pg_catalog.lo_close(0);

SELECT pg_catalog.lo_open('16944', 131072);
SELECT pg_catalog.lowrite(0, '\x47726f77696e6720796f7572206f776e20766567657461626c65732069736ee2809974206a7573742061626f757420706c616e74696e6720736565647320616e64207761746572696e67207468656de28094697427732061626f7574206275696c64696e672061206c6976696e672c20627265617468696e672065636f73797374656d2072696768742062656e6561746820796f757220666565742e20546865206865616c7468206f6620796f757220736f696c2069732074686520666f756e646174696f6e206f66206576657279207375636365737366756c20766567657461626c652067617264656e2e20496e207468697320706f73742c207765e280996c6c206578706c6f726520686f7720656e72696368696e6720796f757220736f696c206e61747572616c6c79207468726f75676820636f6d706f7374696e672063616e206c65616420746f20746173746965722c206d6f7265206e7574726974696f757320766567657461626c65732e204865616c74687920736f696c2069732066756c6c206f66206c6966653a2062616374657269612c2066756e67692c20776f726d732c20616e64206f74686572206d6963726f6f7267616e69736d7320776f726b20746f67657468657220746f20627265616b20646f776e206f7267616e6963206d617474657220616e64206d616b65206e75747269656e747320617661696c61626c6520746f20796f757220706c616e74732e20576974686f757420746869732062616c616e63652c20796f757220766567657461626c6573206d61792073757276697665e28094627574207468657920776f6ee2809974207468726976652e20506f6f7220736f696c206d65616e733a205374756e7465642067726f7774682c204c6f77207969656c64732c20496e6372656173656420737573636570746962696c69747920746f20706573747320616e6420646973656173652e204275742074686520676f6f64206e6577733f20596f752063616e206669782074686174207769746820636f6d706f73742e20436f6d706f7374206973206465636f6d706f736564206f7267616e6963206d6174657269616c206c696b6520666f6f64207363726170732c206c65617665732c20616e642067617264656e2077617374652e205768656e20796f75206665656420796f757220736f696c2c20796f75e280997265206e6f74206a7573742068656c70696e6720796f757220766567657461626c65732067726f77e28094796f75e280997265206372656174696e672061206d6f7265207375737461696e61626c652c2073656c662d73756666696369656e742067617264656e2e20546865206265737420706172743f20596f757220666f6f642077696c6c2074617374652062657474657220616e642062652062657474657220666f7220796f752c2073747261696768742066726f6d20736f696c2074686174e280997320617320616c6976652061732074686520706c616e747320697420737570706f7274732e2048617070792067726f77696e6721');
SELECT pg_catalog.lo_close(0);

SELECT pg_catalog.lo_open('16945', 131072);
SELECT pg_catalog.lowrite(0, '\x47726f77696e6720796f7572206f776e20766567657461626c65732069736ee2809974206a7573742061626f757420706c616e74696e6720736565647320616e64207761746572696e67207468656de28094697427732061626f7574206275696c64696e672061206c6976696e672c20627265617468696e672065636f73797374656d2072696768742062656e6561746820796f757220666565742e20546865206865616c7468206f6620796f757220736f696c2069732074686520666f756e646174696f6e206f66206576657279207375636365737366756c20766567657461626c652067617264656e2e20496e207468697320706f73742c207765e280996c6c206578706c6f726520686f7720656e72696368696e6720796f757220736f696c206e61747572616c6c79207468726f75676820636f6d706f7374696e672063616e206c65616420746f20746173746965722c206d6f7265206e7574726974696f757320766567657461626c65732e204865616c74687920736f696c2069732066756c6c206f66206c6966653a2062616374657269612c2066756e67692c20776f726d732c20616e64206f74686572206d6963726f6f7267616e69736d7320776f726b20746f67657468657220746f20627265616b20646f776e206f7267616e6963206d617474657220616e64206d616b65206e75747269656e747320617661696c61626c6520746f20796f757220706c616e74732e20576974686f757420746869732062616c616e63652c20796f757220766567657461626c6573206d61792073757276697665e28094627574207468657920776f6ee2809974207468726976652e20506f6f7220736f696c206d65616e733a205374756e7465642067726f7774682c204c6f77207969656c64732c20496e6372656173656420737573636570746962696c69747920746f20706573747320616e6420646973656173652e204275742074686520676f6f64206e6577733f20596f752063616e206669782074686174207769746820636f6d706f73742e20436f6d706f7374206973206465636f6d706f736564206f7267616e6963206d6174657269616c206c696b6520666f6f64207363726170732c206c65617665732c20616e642067617264656e2077617374652e205768656e20796f75206665656420796f757220736f696c2c20796f75e280997265206e6f74206a7573742068656c70696e6720796f757220766567657461626c65732067726f77e28094796f75e280997265206372656174696e672061206d6f7265207375737461696e61626c652c2073656c662d73756666696369656e742067617264656e2e20546865206265737420706172743f20596f757220666f6f642077696c6c2074617374652062657474657220616e642062652062657474657220666f7220796f752c2073747261696768742066726f6d20736f696c2074686174e280997320617320616c6976652061732074686520706c616e747320697420737570706f7274732e2048617070792067726f77696e6721');
SELECT pg_catalog.lo_close(0);

SELECT pg_catalog.lo_open('16946', 131072);
SELECT pg_catalog.lowrite(0, '\x47726f77696e6720796f7572206f776e20766567657461626c65732069736ee2809974206a7573742061626f757420706c616e74696e6720736565647320616e64207761746572696e67207468656de28094697427732061626f7574206275696c64696e672061206c6976696e672c20627265617468696e672065636f73797374656d2072696768742062656e6561746820796f757220666565742e20546865206865616c7468206f6620796f757220736f696c2069732074686520666f756e646174696f6e206f66206576657279207375636365737366756c20766567657461626c652067617264656e2e20496e207468697320706f73742c207765e280996c6c206578706c6f726520686f7720656e72696368696e6720796f757220736f696c206e61747572616c6c79207468726f75676820636f6d706f7374696e672063616e206c65616420746f20746173746965722c206d6f7265206e7574726974696f757320766567657461626c65732e204865616c74687920736f696c2069732066756c6c206f66206c6966653a2062616374657269612c2066756e67692c20776f726d732c20616e64206f74686572206d6963726f6f7267616e69736d7320776f726b20746f67657468657220746f20627265616b20646f776e206f7267616e6963206d617474657220616e64206d616b65206e75747269656e747320617661696c61626c6520746f20796f757220706c616e74732e20576974686f757420746869732062616c616e63652c20796f757220766567657461626c6573206d61792073757276697665e28094627574207468657920776f6ee2809974207468726976652e20506f6f7220736f696c206d65616e733a205374756e7465642067726f7774682c204c6f77207969656c64732c20496e6372656173656420737573636570746962696c69747920746f20706573747320616e6420646973656173652e204275742074686520676f6f64206e6577733f20596f752063616e206669782074686174207769746820636f6d706f73742e20436f6d706f7374206973206465636f6d706f736564206f7267616e6963206d6174657269616c206c696b6520666f6f64207363726170732c206c65617665732c20616e642067617264656e2077617374652e205768656e20796f75206665656420796f757220736f696c2c20796f75e280997265206e6f74206a7573742068656c70696e6720796f757220766567657461626c65732067726f77e28094796f75e280997265206372656174696e672061206d6f7265207375737461696e61626c652c2073656c662d73756666696369656e742067617264656e2e20546865206265737420706172743f20596f757220666f6f642077696c6c2074617374652062657474657220616e642062652062657474657220666f7220796f752c2073747261696768742066726f6d20736f696c2074686174e280997320617320616c6976652061732074686520706c616e747320697420737570706f7274732e2048617070792067726f77696e6721');
SELECT pg_catalog.lo_close(0);

SELECT pg_catalog.lo_open('16947', 131072);
SELECT pg_catalog.lowrite(0, '\x47726f77696e6720796f7572206f776e20766567657461626c65732069736ee2809974206a7573742061626f757420706c616e74696e6720736565647320616e64207761746572696e67207468656de28094697427732061626f7574206275696c64696e672061206c6976696e672c20627265617468696e672065636f73797374656d2072696768742062656e6561746820796f757220666565742e20546865206865616c7468206f6620796f757220736f696c2069732074686520666f756e646174696f6e206f66206576657279207375636365737366756c20766567657461626c652067617264656e2e20496e207468697320706f73742c207765e280996c6c206578706c6f726520686f7720656e72696368696e6720796f757220736f696c206e61747572616c6c79207468726f75676820636f6d706f7374696e672063616e206c65616420746f20746173746965722c206d6f7265206e7574726974696f757320766567657461626c65732e204865616c74687920736f696c2069732066756c6c206f66206c6966653a2062616374657269612c2066756e67692c20776f726d732c20616e64206f74686572206d6963726f6f7267616e69736d7320776f726b20746f67657468657220746f20627265616b20646f776e206f7267616e6963206d617474657220616e64206d616b65206e75747269656e747320617661696c61626c6520746f20796f757220706c616e74732e20576974686f757420746869732062616c616e63652c20796f757220766567657461626c6573206d61792073757276697665e28094627574207468657920776f6ee2809974207468726976652e20506f6f7220736f696c206d65616e733a205374756e7465642067726f7774682c204c6f77207969656c64732c20496e6372656173656420737573636570746962696c69747920746f20706573747320616e6420646973656173652e204275742074686520676f6f64206e6577733f20596f752063616e206669782074686174207769746820636f6d706f73742e20436f6d706f7374206973206465636f6d706f736564206f7267616e6963206d6174657269616c206c696b6520666f6f64207363726170732c206c65617665732c20616e642067617264656e2077617374652e205768656e20796f75206665656420796f757220736f696c2c20796f75e280997265206e6f74206a7573742068656c70696e6720796f757220766567657461626c65732067726f77e28094796f75e280997265206372656174696e672061206d6f7265207375737461696e61626c652c2073656c662d73756666696369656e742067617264656e2e20546865206265737420706172743f20596f757220666f6f642077696c6c2074617374652062657474657220616e642062652062657474657220666f7220796f752c2073747261696768742066726f6d20736f696c2074686174e280997320617320616c6976652061732074686520706c616e747320697420737570706f7274732e2048617070792067726f77696e6721');
SELECT pg_catalog.lo_close(0);

SELECT pg_catalog.lo_open('16948', 131072);
SELECT pg_catalog.lowrite(0, '\x47726f77696e6720796f7572206f776e20766567657461626c65732069736ee2809974206a7573742061626f757420706c616e74696e6720736565647320616e64207761746572696e67207468656de28094697427732061626f7574206275696c64696e672061206c6976696e672c20627265617468696e672065636f73797374656d2072696768742062656e6561746820796f757220666565742e20546865206865616c7468206f6620796f757220736f696c2069732074686520666f756e646174696f6e206f66206576657279207375636365737366756c20766567657461626c652067617264656e2e20496e207468697320706f73742c207765e280996c6c206578706c6f726520686f7720656e72696368696e6720796f757220736f696c206e61747572616c6c79207468726f75676820636f6d706f7374696e672063616e206c65616420746f20746173746965722c206d6f7265206e7574726974696f757320766567657461626c65732e204865616c74687920736f696c2069732066756c6c206f66206c6966653a2062616374657269612c2066756e67692c20776f726d732c20616e64206f74686572206d6963726f6f7267616e69736d7320776f726b20746f67657468657220746f20627265616b20646f776e206f7267616e6963206d617474657220616e64206d616b65206e75747269656e747320617661696c61626c6520746f20796f757220706c616e74732e20576974686f757420746869732062616c616e63652c20796f757220766567657461626c6573206d61792073757276697665e28094627574207468657920776f6ee2809974207468726976652e20506f6f7220736f696c206d65616e733a205374756e7465642067726f7774682c204c6f77207969656c64732c20496e6372656173656420737573636570746962696c69747920746f20706573747320616e6420646973656173652e204275742074686520676f6f64206e6577733f20596f752063616e206669782074686174207769746820636f6d706f73742e20436f6d706f7374206973206465636f6d706f736564206f7267616e6963206d6174657269616c206c696b6520666f6f64207363726170732c206c65617665732c20616e642067617264656e2077617374652e205768656e20796f75206665656420796f757220736f696c2c20796f75e280997265206e6f74206a7573742068656c70696e6720796f757220766567657461626c65732067726f77e28094796f75e280997265206372656174696e672061206d6f7265207375737461696e61626c652c2073656c662d73756666696369656e742067617264656e2e20546865206265737420706172743f20596f757220666f6f642077696c6c2074617374652062657474657220616e642062652062657474657220666f7220796f752c2073747261696768742066726f6d20736f696c2074686174e280997320617320616c6976652061732074686520706c616e747320697420737570706f7274732e2048617070792067726f77696e6721');
SELECT pg_catalog.lo_close(0);

SELECT pg_catalog.lo_open('16949', 131072);
SELECT pg_catalog.lowrite(0, '\x47726f77696e6720796f7572206f776e20766567657461626c65732069736ee2809974206a7573742061626f757420706c616e74696e6720736565647320616e64207761746572696e67207468656de28094697427732061626f7574206275696c64696e672061206c6976696e672c20627265617468696e672065636f73797374656d2072696768742062656e6561746820796f757220666565742e20546865206865616c7468206f6620796f757220736f696c2069732074686520666f756e646174696f6e206f66206576657279207375636365737366756c20766567657461626c652067617264656e2e20496e207468697320706f73742c207765e280996c6c206578706c6f726520686f7720656e72696368696e6720796f757220736f696c206e61747572616c6c79207468726f75676820636f6d706f7374696e672063616e206c65616420746f20746173746965722c206d6f7265206e7574726974696f757320766567657461626c65732e204865616c74687920736f696c2069732066756c6c206f66206c6966653a2062616374657269612c2066756e67692c20776f726d732c20616e64206f74686572206d6963726f6f7267616e69736d7320776f726b20746f67657468657220746f20627265616b20646f776e206f7267616e6963206d617474657220616e64206d616b65206e75747269656e747320617661696c61626c6520746f20796f757220706c616e74732e20576974686f757420746869732062616c616e63652c20796f757220766567657461626c6573206d61792073757276697665e28094627574207468657920776f6ee2809974207468726976652e20506f6f7220736f696c206d65616e733a205374756e7465642067726f7774682c204c6f77207969656c64732c20496e6372656173656420737573636570746962696c69747920746f20706573747320616e6420646973656173652e204275742074686520676f6f64206e6577733f20596f752063616e206669782074686174207769746820636f6d706f73742e20436f6d706f7374206973206465636f6d706f736564206f7267616e6963206d6174657269616c206c696b6520666f6f64207363726170732c206c65617665732c20616e642067617264656e2077617374652e205768656e20796f75206665656420796f757220736f696c2c20796f75e280997265206e6f74206a7573742068656c70696e6720796f757220766567657461626c65732067726f77e28094796f75e280997265206372656174696e672061206d6f7265207375737461696e61626c652c2073656c662d73756666696369656e742067617264656e2e20546865206265737420706172743f20596f757220666f6f642077696c6c2074617374652062657474657220616e642062652062657474657220666f7220796f752c2073747261696768742066726f6d20736f696c2074686174e280997320617320616c6976652061732074686520706c616e747320697420737570706f7274732e2048617070792067726f77696e6721');
SELECT pg_catalog.lo_close(0);

SELECT pg_catalog.lo_open('16950', 131072);
SELECT pg_catalog.lowrite(0, '\x47726f77696e6720796f7572206f776e20766567657461626c65732069736ee2809974206a7573742061626f757420706c616e74696e6720736565647320616e64207761746572696e67207468656de28094697427732061626f7574206275696c64696e672061206c6976696e672c20627265617468696e672065636f73797374656d2072696768742062656e6561746820796f757220666565742e20546865206865616c7468206f6620796f757220736f696c2069732074686520666f756e646174696f6e206f66206576657279207375636365737366756c20766567657461626c652067617264656e2e20496e207468697320706f73742c207765e280996c6c206578706c6f726520686f7720656e72696368696e6720796f757220736f696c206e61747572616c6c79207468726f75676820636f6d706f7374696e672063616e206c65616420746f20746173746965722c206d6f7265206e7574726974696f757320766567657461626c65732e204865616c74687920736f696c2069732066756c6c206f66206c6966653a2062616374657269612c2066756e67692c20776f726d732c20616e64206f74686572206d6963726f6f7267616e69736d7320776f726b20746f67657468657220746f20627265616b20646f776e206f7267616e6963206d617474657220616e64206d616b65206e75747269656e747320617661696c61626c6520746f20796f757220706c616e74732e20576974686f757420746869732062616c616e63652c20796f757220766567657461626c6573206d61792073757276697665e28094627574207468657920776f6ee2809974207468726976652e20506f6f7220736f696c206d65616e733a205374756e7465642067726f7774682c204c6f77207969656c64732c20496e6372656173656420737573636570746962696c69747920746f20706573747320616e6420646973656173652e204275742074686520676f6f64206e6577733f20596f752063616e206669782074686174207769746820636f6d706f73742e20436f6d706f7374206973206465636f6d706f736564206f7267616e6963206d6174657269616c206c696b6520666f6f64207363726170732c206c65617665732c20616e642067617264656e2077617374652e205768656e20796f75206665656420796f757220736f696c2c20796f75e280997265206e6f74206a7573742068656c70696e6720796f757220766567657461626c65732067726f77e28094796f75e280997265206372656174696e672061206d6f7265207375737461696e61626c652c2073656c662d73756666696369656e742067617264656e2e20546865206265737420706172743f20596f757220666f6f642077696c6c2074617374652062657474657220616e642062652062657474657220666f7220796f752c2073747261696768742066726f6d20736f696c2074686174e280997320617320616c6976652061732074686520706c616e747320697420737570706f7274732e2048617070792067726f77696e6721');
SELECT pg_catalog.lo_close(0);

SELECT pg_catalog.lo_open('16951', 131072);
SELECT pg_catalog.lowrite(0, '\x47726f77696e6720796f7572206f776e20766567657461626c65732069736ee2809974206a7573742061626f757420706c616e74696e6720736565647320616e64207761746572696e67207468656de28094697427732061626f7574206275696c64696e672061206c6976696e672c20627265617468696e672065636f73797374656d2072696768742062656e6561746820796f757220666565742e20546865206865616c7468206f6620796f757220736f696c2069732074686520666f756e646174696f6e206f66206576657279207375636365737366756c20766567657461626c652067617264656e2e20496e207468697320706f73742c207765e280996c6c206578706c6f726520686f7720656e72696368696e6720796f757220736f696c206e61747572616c6c79207468726f75676820636f6d706f7374696e672063616e206c65616420746f20746173746965722c206d6f7265206e7574726974696f757320766567657461626c65732e204865616c74687920736f696c2069732066756c6c206f66206c6966653a2062616374657269612c2066756e67692c20776f726d732c20616e64206f74686572206d6963726f6f7267616e69736d7320776f726b20746f67657468657220746f20627265616b20646f776e206f7267616e6963206d617474657220616e64206d616b65206e75747269656e747320617661696c61626c6520746f20796f757220706c616e74732e20576974686f757420746869732062616c616e63652c20796f757220766567657461626c6573206d61792073757276697665e28094627574207468657920776f6ee2809974207468726976652e20506f6f7220736f696c206d65616e733a205374756e7465642067726f7774682c204c6f77207969656c64732c20496e6372656173656420737573636570746962696c69747920746f20706573747320616e6420646973656173652e204275742074686520676f6f64206e6577733f20596f752063616e206669782074686174207769746820636f6d706f73742e20436f6d706f7374206973206465636f6d706f736564206f7267616e6963206d6174657269616c206c696b6520666f6f64207363726170732c206c65617665732c20616e642067617264656e2077617374652e205768656e20796f75206665656420796f757220736f696c2c20796f75e280997265206e6f74206a7573742068656c70696e6720796f757220766567657461626c65732067726f77e28094796f75e280997265206372656174696e672061206d6f7265207375737461696e61626c652c2073656c662d73756666696369656e742067617264656e2e20546865206265737420706172743f20596f757220666f6f642077696c6c2074617374652062657474657220616e642062652062657474657220666f7220796f752c2073747261696768742066726f6d20736f696c2074686174e280997320617320616c6976652061732074686520706c616e747320697420737570706f7274732e2048617070792067726f77696e6721');
SELECT pg_catalog.lo_close(0);

SELECT pg_catalog.lo_open('16952', 131072);
SELECT pg_catalog.lowrite(0, '\x47726f77696e6720796f7572206f776e20766567657461626c65732069736ee2809974206a7573742061626f757420706c616e74696e6720736565647320616e64207761746572696e67207468656de28094697427732061626f7574206275696c64696e672061206c6976696e672c20627265617468696e672065636f73797374656d2072696768742062656e6561746820796f757220666565742e20546865206865616c7468206f6620796f757220736f696c2069732074686520666f756e646174696f6e206f66206576657279207375636365737366756c20766567657461626c652067617264656e2e20496e207468697320706f73742c207765e280996c6c206578706c6f726520686f7720656e72696368696e6720796f757220736f696c206e61747572616c6c79207468726f75676820636f6d706f7374696e672063616e206c65616420746f20746173746965722c206d6f7265206e7574726974696f757320766567657461626c65732e204865616c74687920736f696c2069732066756c6c206f66206c6966653a2062616374657269612c2066756e67692c20776f726d732c20616e64206f74686572206d6963726f6f7267616e69736d7320776f726b20746f67657468657220746f20627265616b20646f776e206f7267616e6963206d617474657220616e64206d616b65206e75747269656e747320617661696c61626c6520746f20796f757220706c616e74732e20576974686f757420746869732062616c616e63652c20796f757220766567657461626c6573206d61792073757276697665e28094627574207468657920776f6ee2809974207468726976652e20506f6f7220736f696c206d65616e733a205374756e7465642067726f7774682c204c6f77207969656c64732c20496e6372656173656420737573636570746962696c69747920746f20706573747320616e6420646973656173652e204275742074686520676f6f64206e6577733f20596f752063616e206669782074686174207769746820636f6d706f73742e20436f6d706f7374206973206465636f6d706f736564206f7267616e6963206d6174657269616c206c696b6520666f6f64207363726170732c206c65617665732c20616e642067617264656e2077617374652e205768656e20796f75206665656420796f757220736f696c2c20796f75e280997265206e6f74206a7573742068656c70696e6720796f757220766567657461626c65732067726f77e28094796f75e280997265206372656174696e672061206d6f7265207375737461696e61626c652c2073656c662d73756666696369656e742067617264656e2e20546865206265737420706172743f20596f757220666f6f642077696c6c2074617374652062657474657220616e642062652062657474657220666f7220796f752c2073747261696768742066726f6d20736f696c2074686174e280997320617320616c6976652061732074686520706c616e747320697420737570706f7274732e2048617070792067726f77696e6721');
SELECT pg_catalog.lo_close(0);

SELECT pg_catalog.lo_open('16953', 131072);
SELECT pg_catalog.lowrite(0, '\x47726f77696e6720796f7572206f776e20766567657461626c65732069736ee2809974206a7573742061626f757420706c616e74696e6720736565647320616e64207761746572696e67207468656de28094697427732061626f7574206275696c64696e672061206c6976696e672c20627265617468696e672065636f73797374656d2072696768742062656e6561746820796f757220666565742e20546865206865616c7468206f6620796f757220736f696c2069732074686520666f756e646174696f6e206f66206576657279207375636365737366756c20766567657461626c652067617264656e2e20496e207468697320706f73742c207765e280996c6c206578706c6f726520686f7720656e72696368696e6720796f757220736f696c206e61747572616c6c79207468726f75676820636f6d706f7374696e672063616e206c65616420746f20746173746965722c206d6f7265206e7574726974696f757320766567657461626c65732e204865616c74687920736f696c2069732066756c6c206f66206c6966653a2062616374657269612c2066756e67692c20776f726d732c20616e64206f74686572206d6963726f6f7267616e69736d7320776f726b20746f67657468657220746f20627265616b20646f776e206f7267616e6963206d617474657220616e64206d616b65206e75747269656e747320617661696c61626c6520746f20796f757220706c616e74732e20576974686f757420746869732062616c616e63652c20796f757220766567657461626c6573206d61792073757276697665e28094627574207468657920776f6ee2809974207468726976652e20506f6f7220736f696c206d65616e733a205374756e7465642067726f7774682c204c6f77207969656c64732c20496e6372656173656420737573636570746962696c69747920746f20706573747320616e6420646973656173652e204275742074686520676f6f64206e6577733f20596f752063616e206669782074686174207769746820636f6d706f73742e20436f6d706f7374206973206465636f6d706f736564206f7267616e6963206d6174657269616c206c696b6520666f6f64207363726170732c206c65617665732c20616e642067617264656e2077617374652e205768656e20796f75206665656420796f757220736f696c2c20796f75e280997265206e6f74206a7573742068656c70696e6720796f757220766567657461626c65732067726f77e28094796f75e280997265206372656174696e672061206d6f7265207375737461696e61626c652c2073656c662d73756666696369656e742067617264656e2e20546865206265737420706172743f20596f757220666f6f642077696c6c2074617374652062657474657220616e642062652062657474657220666f7220796f752c2073747261696768742066726f6d20736f696c2074686174e280997320617320616c6976652061732074686520706c616e747320697420737570706f7274732e2048617070792067726f77696e6721');
SELECT pg_catalog.lo_close(0);

SELECT pg_catalog.lo_open('16954', 131072);
SELECT pg_catalog.lowrite(0, '\x33');
SELECT pg_catalog.lo_close(0);

SELECT pg_catalog.lo_open('16955', 131072);
SELECT pg_catalog.lowrite(0, '\x34');
SELECT pg_catalog.lo_close(0);

SELECT pg_catalog.lo_open('16956', 131072);
SELECT pg_catalog.lowrite(0, '\x33');
SELECT pg_catalog.lo_close(0);

SELECT pg_catalog.lo_open('16957', 131072);
SELECT pg_catalog.lowrite(0, '\x34');
SELECT pg_catalog.lo_close(0);

SELECT pg_catalog.lo_open('16958', 131072);
SELECT pg_catalog.lowrite(0, '\x33');
SELECT pg_catalog.lo_close(0);

SELECT pg_catalog.lo_open('16959', 131072);
SELECT pg_catalog.lowrite(0, '\x33353535');
SELECT pg_catalog.lo_close(0);

SELECT pg_catalog.lo_open('16960', 131072);
SELECT pg_catalog.lowrite(0, '\x33353535');
SELECT pg_catalog.lo_close(0);

SELECT pg_catalog.lo_open('16961', 131072);
SELECT pg_catalog.lowrite(0, '\x33');
SELECT pg_catalog.lo_close(0);

SELECT pg_catalog.lo_open('16962', 131072);
SELECT pg_catalog.lowrite(0, '\x3636');
SELECT pg_catalog.lo_close(0);

SELECT pg_catalog.lo_open('16963', 131072);
SELECT pg_catalog.lowrite(0, '\x47726f77696e6720796f7572206f776e20766567657461626c65732069736ee2809974206a7573742061626f757420706c616e74696e6720736565647320616e64207761746572696e67207468656de28094697427732061626f7574206275696c64696e672061206c6976696e672c20627265617468696e672065636f73797374656d2072696768742062656e6561746820796f757220666565742e20546865206865616c7468206f6620796f757220736f696c2069732074686520666f756e646174696f6e206f66206576657279207375636365737366756c20766567657461626c652067617264656e2e20496e207468697320706f73742c207765e280996c6c206578706c6f726520686f7720656e72696368696e6720796f757220736f696c206e61747572616c6c79207468726f75676820636f6d706f7374696e672063616e206c65616420746f20746173746965722c206d6f7265206e7574726974696f757320766567657461626c65732e204865616c74687920736f696c2069732066756c6c206f66206c6966653a2062616374657269612c2066756e67692c20776f726d732c20616e64206f74686572206d6963726f6f7267616e69736d7320776f726b20746f67657468657220746f20627265616b20646f776e206f7267616e6963206d617474657220616e64206d616b65206e75747269656e747320617661696c61626c6520746f20796f757220706c616e74732e20576974686f757420746869732062616c616e63652c20796f757220766567657461626c6573206d61792073757276697665e28094627574207468657920776f6ee2809974207468726976652e20506f6f7220736f696c206d65616e733a205374756e7465642067726f7774682c204c6f77207969656c64732c20496e6372656173656420737573636570746962696c69747920746f20706573747320616e6420646973656173652e204275742074686520676f6f64206e6577733f20596f752063616e206669782074686174207769746820636f6d706f73742e20436f6d706f7374206973206465636f6d706f736564206f7267616e6963206d6174657269616c206c696b6520666f6f64207363726170732c206c65617665732c20616e642067617264656e2077617374652e205768656e20796f75206665656420796f757220736f696c2c20796f75e280997265206e6f74206a7573742068656c70696e6720796f757220766567657461626c65732067726f77e28094796f75e280997265206372656174696e672061206d6f7265207375737461696e61626c652c2073656c662d73756666696369656e742067617264656e2e20546865206265737420706172743f20596f757220666f6f642077696c6c2074617374652062657474657220616e642062652062657474657220666f7220796f752c2073747261696768742066726f6d20736f696c2074686174e280997320617320616c6976652061732074686520706c616e747320697420737570706f7274732e2048617070792067726f77696e6721');
SELECT pg_catalog.lo_close(0);

SELECT pg_catalog.lo_open('16964', 131072);
SELECT pg_catalog.lowrite(0, '\x47726f77696e6720796f7572206f776e20766567657461626c65732069736ee2809974206a7573742061626f757420706c616e74696e6720736565647320616e64207761746572696e67207468656de28094697427732061626f7574206275696c64696e672061206c6976696e672c20627265617468696e672065636f73797374656d2072696768742062656e6561746820796f757220666565742e20546865206865616c7468206f6620796f757220736f696c2069732074686520666f756e646174696f6e206f66206576657279207375636365737366756c20766567657461626c652067617264656e2e20496e207468697320706f73742c207765e280996c6c206578706c6f726520686f7720656e72696368696e6720796f757220736f696c206e61747572616c6c79207468726f75676820636f6d706f7374696e672063616e206c65616420746f20746173746965722c206d6f7265206e7574726974696f757320766567657461626c65732e204865616c74687920736f696c2069732066756c6c206f66206c6966653a2062616374657269612c2066756e67692c20776f726d732c20616e64206f74686572206d6963726f6f7267616e69736d7320776f726b20746f67657468657220746f20627265616b20646f776e206f7267616e6963206d617474657220616e64206d616b65206e75747269656e747320617661696c61626c6520746f20796f757220706c616e74732e20576974686f757420746869732062616c616e63652c20796f757220766567657461626c6573206d61792073757276697665e28094627574207468657920776f6ee2809974207468726976652e20506f6f7220736f696c206d65616e733a205374756e7465642067726f7774682c204c6f77207969656c64732c20496e6372656173656420737573636570746962696c69747920746f20706573747320616e6420646973656173652e204275742074686520676f6f64206e6577733f20596f752063616e206669782074686174207769746820636f6d706f73742e20436f6d706f7374206973206465636f6d706f736564206f7267616e6963206d6174657269616c206c696b6520666f6f64207363726170732c206c65617665732c20616e642067617264656e2077617374652e205768656e20796f75206665656420796f757220736f696c2c20796f75e280997265206e6f74206a7573742068656c70696e6720796f757220766567657461626c65732067726f77e28094796f75e280997265206372656174696e672061206d6f7265207375737461696e61626c652c2073656c662d73756666696369656e742067617264656e2e20546865206265737420706172743f20596f757220666f6f642077696c6c2074617374652062657474657220616e642062652062657474657220666f7220796f752c2073747261696768742066726f6d20736f696c2074686174e280997320617320616c6976652061732074686520706c616e747320697420737570706f7274732e2048617070792067726f77696e6721');
SELECT pg_catalog.lo_close(0);

SELECT pg_catalog.lo_open('16965', 131072);
SELECT pg_catalog.lowrite(0, '\x47726f77696e6720796f7572206f776e20766567657461626c65732069736ee2809974206a7573742061626f757420706c616e74696e6720736565647320616e64207761746572696e67207468656de28094697427732061626f7574206275696c64696e672061206c6976696e672c20627265617468696e672065636f73797374656d2072696768742062656e6561746820796f757220666565742e20546865206865616c7468206f6620796f757220736f696c2069732074686520666f756e646174696f6e206f66206576657279207375636365737366756c20766567657461626c652067617264656e2e20496e207468697320706f73742c207765e280996c6c206578706c6f726520686f7720656e72696368696e6720796f757220736f696c206e61747572616c6c79207468726f75676820636f6d706f7374696e672063616e206c65616420746f20746173746965722c206d6f7265206e7574726974696f757320766567657461626c65732e204865616c74687920736f696c2069732066756c6c206f66206c6966653a2062616374657269612c2066756e67692c20776f726d732c20616e64206f74686572206d6963726f6f7267616e69736d7320776f726b20746f67657468657220746f20627265616b20646f776e206f7267616e6963206d617474657220616e64206d616b65206e75747269656e747320617661696c61626c6520746f20796f757220706c616e74732e20576974686f757420746869732062616c616e63652c20796f757220766567657461626c6573206d61792073757276697665e28094627574207468657920776f6ee2809974207468726976652e20506f6f7220736f696c206d65616e733a205374756e7465642067726f7774682c204c6f77207969656c64732c20496e6372656173656420737573636570746962696c69747920746f20706573747320616e6420646973656173652e204275742074686520676f6f64206e6577733f20596f752063616e206669782074686174207769746820636f6d706f73742e20436f6d706f7374206973206465636f6d706f736564206f7267616e6963206d6174657269616c206c696b6520666f6f64207363726170732c206c65617665732c20616e642067617264656e2077617374652e205768656e20796f75206665656420796f757220736f696c2c20796f75e280997265206e6f74206a7573742068656c70696e6720796f757220766567657461626c65732067726f77e28094796f75e280997265206372656174696e672061206d6f7265207375737461696e61626c652c2073656c662d73756666696369656e742067617264656e2e20546865206265737420706172743f20596f757220666f6f642077696c6c2074617374652062657474657220616e642062652062657474657220666f7220796f752c2073747261696768742066726f6d20736f696c2074686174e280997320617320616c6976652061732074686520706c616e747320697420737570706f7274732e2048617070792067726f77696e6721');
SELECT pg_catalog.lo_close(0);

SELECT pg_catalog.lo_open('16966', 131072);
SELECT pg_catalog.lowrite(0, '\x47726f77696e6720796f7572206f776e20766567657461626c65732069736ee2809974206a7573742061626f757420706c616e74696e6720736565647320616e64207761746572696e67207468656de28094697427732061626f7574206275696c64696e672061206c6976696e672c20627265617468696e672065636f73797374656d2072696768742062656e6561746820796f757220666565742e20546865206865616c7468206f6620796f757220736f696c2069732074686520666f756e646174696f6e206f66206576657279207375636365737366756c20766567657461626c652067617264656e2e20496e207468697320706f73742c207765e280996c6c206578706c6f726520686f7720656e72696368696e6720796f757220736f696c206e61747572616c6c79207468726f75676820636f6d706f7374696e672063616e206c65616420746f20746173746965722c206d6f7265206e7574726974696f757320766567657461626c65732e204865616c74687920736f696c2069732066756c6c206f66206c6966653a2062616374657269612c2066756e67692c20776f726d732c20616e64206f74686572206d6963726f6f7267616e69736d7320776f726b20746f67657468657220746f20627265616b20646f776e206f7267616e6963206d617474657220616e64206d616b65206e75747269656e747320617661696c61626c6520746f20796f757220706c616e74732e20576974686f757420746869732062616c616e63652c20796f757220766567657461626c6573206d61792073757276697665e28094627574207468657920776f6ee2809974207468726976652e20506f6f7220736f696c206d65616e733a205374756e7465642067726f7774682c204c6f77207969656c64732c20496e6372656173656420737573636570746962696c69747920746f20706573747320616e6420646973656173652e204275742074686520676f6f64206e6577733f20596f752063616e206669782074686174207769746820636f6d706f73742e20436f6d706f7374206973206465636f6d706f736564206f7267616e6963206d6174657269616c206c696b6520666f6f64207363726170732c206c65617665732c20616e642067617264656e2077617374652e205768656e20796f75206665656420796f757220736f696c2c20796f75e280997265206e6f74206a7573742068656c70696e6720796f757220766567657461626c65732067726f77e28094796f75e280997265206372656174696e672061206d6f7265207375737461696e61626c652c2073656c662d73756666696369656e742067617264656e2e20546865206265737420706172743f20596f757220666f6f642077696c6c2074617374652062657474657220616e642062652062657474657220666f7220796f752c2073747261696768742066726f6d20736f696c2074686174e280997320617320616c6976652061732074686520706c616e747320697420737570706f7274732e2048617070792067726f77696e6721');
SELECT pg_catalog.lo_close(0);

SELECT pg_catalog.lo_open('16967', 131072);
SELECT pg_catalog.lowrite(0, '\x47726f77696e6720796f7572206f776e20766567657461626c65732069736ee2809974206a7573742061626f757420706c616e74696e6720736565647320616e64207761746572696e67207468656de28094697427732061626f7574206275696c64696e672061206c6976696e672c20627265617468696e672065636f73797374656d2072696768742062656e6561746820796f757220666565742e20546865206865616c7468206f6620796f757220736f696c2069732074686520666f756e646174696f6e206f66206576657279207375636365737366756c20766567657461626c652067617264656e2e20496e207468697320706f73742c207765e280996c6c206578706c6f726520686f7720656e72696368696e6720796f757220736f696c206e61747572616c6c79207468726f75676820636f6d706f7374696e672063616e206c65616420746f20746173746965722c206d6f7265206e7574726974696f757320766567657461626c65732e204865616c74687920736f696c2069732066756c6c206f66206c6966653a2062616374657269612c2066756e67692c20776f726d732c20616e64206f74686572206d6963726f6f7267616e69736d7320776f726b20746f67657468657220746f20627265616b20646f776e206f7267616e6963206d617474657220616e64206d616b65206e75747269656e747320617661696c61626c6520746f20796f757220706c616e74732e20576974686f757420746869732062616c616e63652c20796f757220766567657461626c6573206d61792073757276697665e28094627574207468657920776f6ee2809974207468726976652e20506f6f7220736f696c206d65616e733a205374756e7465642067726f7774682c204c6f77207969656c64732c20496e6372656173656420737573636570746962696c69747920746f20706573747320616e6420646973656173652e204275742074686520676f6f64206e6577733f20596f752063616e206669782074686174207769746820636f6d706f73742e20436f6d706f7374206973206465636f6d706f736564206f7267616e6963206d6174657269616c206c696b6520666f6f64207363726170732c206c65617665732c20616e642067617264656e2077617374652e205768656e20796f75206665656420796f757220736f696c2c20796f75e280997265206e6f74206a7573742068656c70696e6720796f757220766567657461626c65732067726f77e28094796f75e280997265206372656174696e672061206d6f7265207375737461696e61626c652c2073656c662d73756666696369656e742067617264656e2e20546865206265737420706172743f20596f757220666f6f642077696c6c2074617374652062657474657220616e642062652062657474657220666f7220796f752c2073747261696768742066726f6d20736f696c2074686174e280997320617320616c6976652061732074686520706c616e747320697420737570706f7274732e2048617070792067726f77696e6721');
SELECT pg_catalog.lo_close(0);

SELECT pg_catalog.lo_open('16968', 131072);
SELECT pg_catalog.lowrite(0, '\x33');
SELECT pg_catalog.lo_close(0);

SELECT pg_catalog.lo_open('16969', 131072);
SELECT pg_catalog.lowrite(0, '\x71617364');
SELECT pg_catalog.lo_close(0);

SELECT pg_catalog.lo_open('16970', 131072);
SELECT pg_catalog.lowrite(0, '\x31323572313233353132353135313235');
SELECT pg_catalog.lo_close(0);

SELECT pg_catalog.lo_open('16971', 131072);
SELECT pg_catalog.lowrite(0, '\x61617367617367');
SELECT pg_catalog.lo_close(0);

SELECT pg_catalog.lo_open('16972', 131072);
SELECT pg_catalog.lowrite(0, '\x3335');
SELECT pg_catalog.lo_close(0);

SELECT pg_catalog.lo_open('16973', 131072);
SELECT pg_catalog.lowrite(0, '\x313233313233313233');
SELECT pg_catalog.lo_close(0);

SELECT pg_catalog.lo_open('17063', 131072);
SELECT pg_catalog.lowrite(0, '\x47726f77696e6720796f7572206f776e20766567657461626c65732069736ee2809974206a7573742061626f757420706c616e74696e6720736565647320616e64207761746572696e67207468656de28094697427732061626f7574206275696c64696e672061206c6976696e672c20627265617468696e672065636f73797374656d2072696768742062656e6561746820796f757220666565742e20546865206865616c7468206f6620796f757220736f696c2069732074686520666f756e646174696f6e206f66206576657279207375636365737366756c20766567657461626c652067617264656e2e20496e207468697320706f73742c207765e280996c6c206578706c6f726520686f7720656e72696368696e6720796f757220736f696c206e61747572616c6c79207468726f75676820636f6d706f7374696e672063616e206c65616420746f20746173746965722c206d6f7265206e7574726974696f757320766567657461626c65732e204865616c74687920736f696c2069732066756c6c206f66206c6966653a2062616374657269612c2066756e67692c20776f726d732c20616e64206f74686572206d6963726f6f7267616e69736d7320776f726b20746f67657468657220746f20627265616b20646f776e206f7267616e6963206d617474657220616e64206d616b65206e75747269656e747320617661696c61626c6520746f20796f757220706c616e74732e20576974686f757420746869732062616c616e63652c20796f757220766567657461626c6573206d61792073757276697665e28094627574207468657920776f6ee2809974207468726976652e20506f6f7220736f696c206d65616e733a205374756e7465642067726f7774682c204c6f77207969656c64732c20496e6372656173656420737573636570746962696c69747920746f20706573747320616e6420646973656173652e204275742074686520676f6f64206e6577733f20596f752063616e206669782074686174207769746820636f6d706f73742e20436f6d706f7374206973206465636f6d706f736564206f7267616e6963206d6174657269616c206c696b6520666f6f64207363726170732c206c65617665732c20616e642067617264656e2077617374652e205768656e20796f75206665656420796f757220736f696c2c20796f75e280997265206e6f74206a7573742068656c70696e6720796f757220766567657461626c65732067726f77e28094796f75e280997265206372656174696e672061206d6f7265207375737461696e61626c652c2073656c662d73756666696369656e742067617264656e2e20546865206265737420706172743f20596f757220666f6f642077696c6c2074617374652062657474657220616e642062652062657474657220666f7220796f752c2073747261696768742066726f6d20736f696c2074686174e280997320617320616c6976652061732074686520706c616e747320697420737570706f7274732e2048617070792067726f77696e6721');
SELECT pg_catalog.lo_close(0);

SELECT pg_catalog.lo_open('17064', 131072);
SELECT pg_catalog.lowrite(0, '\x47726f77696e6720796f7572206f776e20766567657461626c65732069736ee2809974206a7573742061626f757420706c616e74696e6720736565647320616e64207761746572696e67207468656de28094697427732061626f7574206275696c64696e672061206c6976696e672c20627265617468696e672065636f73797374656d2072696768742062656e6561746820796f757220666565742e20546865206865616c7468206f6620796f757220736f696c2069732074686520666f756e646174696f6e206f66206576657279207375636365737366756c20766567657461626c652067617264656e2e20496e207468697320706f73742c207765e280996c6c206578706c6f726520686f7720656e72696368696e6720796f757220736f696c206e61747572616c6c79207468726f75676820636f6d706f7374696e672063616e206c65616420746f20746173746965722c206d6f7265206e7574726974696f757320766567657461626c65732e204865616c74687920736f696c2069732066756c6c206f66206c6966653a2062616374657269612c2066756e67692c20776f726d732c20616e64206f74686572206d6963726f6f7267616e69736d7320776f726b20746f67657468657220746f20627265616b20646f776e206f7267616e6963206d617474657220616e64206d616b65206e75747269656e747320617661696c61626c6520746f20796f757220706c616e74732e20576974686f757420746869732062616c616e63652c20796f757220766567657461626c6573206d61792073757276697665e28094627574207468657920776f6ee2809974207468726976652e20506f6f7220736f696c206d65616e733a205374756e7465642067726f7774682c204c6f77207969656c64732c20496e6372656173656420737573636570746962696c69747920746f20706573747320616e6420646973656173652e204275742074686520676f6f64206e6577733f20596f752063616e206669782074686174207769746820636f6d706f73742e20436f6d706f7374206973206465636f6d706f736564206f7267616e6963206d6174657269616c206c696b6520666f6f64207363726170732c206c65617665732c20616e642067617264656e2077617374652e205768656e20796f75206665656420796f757220736f696c2c20796f75e280997265206e6f74206a7573742068656c70696e6720796f757220766567657461626c65732067726f77e28094796f75e280997265206372656174696e672061206d6f7265207375737461696e61626c652c2073656c662d73756666696369656e742067617264656e2e20546865206265737420706172743f20596f757220666f6f642077696c6c2074617374652062657474657220616e642062652062657474657220666f7220796f752c2073747261696768742066726f6d20736f696c2074686174e280997320617320616c6976652061732074686520706c616e747320697420737570706f7274732e2048617070792067726f77696e6721');
SELECT pg_catalog.lo_close(0);

SELECT pg_catalog.lo_open('17065', 131072);
SELECT pg_catalog.lowrite(0, '\x47726f77696e6720796f7572206f776e20766567657461626c65732069736ee2809974206a7573742061626f757420706c616e74696e6720736565647320616e64207761746572696e67207468656de28094697427732061626f7574206275696c64696e672061206c6976696e672c20627265617468696e672065636f73797374656d2072696768742062656e6561746820796f757220666565742e20546865206865616c7468206f6620796f757220736f696c2069732074686520666f756e646174696f6e206f66206576657279207375636365737366756c20766567657461626c652067617264656e2e20496e207468697320706f73742c207765e280996c6c206578706c6f726520686f7720656e72696368696e6720796f757220736f696c206e61747572616c6c79207468726f75676820636f6d706f7374696e672063616e206c65616420746f20746173746965722c206d6f7265206e7574726974696f757320766567657461626c65732e204865616c74687920736f696c2069732066756c6c206f66206c6966653a2062616374657269612c2066756e67692c20776f726d732c20616e64206f74686572206d6963726f6f7267616e69736d7320776f726b20746f67657468657220746f20627265616b20646f776e206f7267616e6963206d617474657220616e64206d616b65206e75747269656e747320617661696c61626c6520746f20796f757220706c616e74732e20576974686f757420746869732062616c616e63652c20796f757220766567657461626c6573206d61792073757276697665e28094627574207468657920776f6ee2809974207468726976652e20506f6f7220736f696c206d65616e733a205374756e7465642067726f7774682c204c6f77207969656c64732c20496e6372656173656420737573636570746962696c69747920746f20706573747320616e6420646973656173652e204275742074686520676f6f64206e6577733f20596f752063616e206669782074686174207769746820636f6d706f73742e20436f6d706f7374206973206465636f6d706f736564206f7267616e6963206d6174657269616c206c696b6520666f6f64207363726170732c206c65617665732c20616e642067617264656e2077617374652e205768656e20796f75206665656420796f757220736f696c2c20796f75e280997265206e6f74206a7573742068656c70696e6720796f757220766567657461626c65732067726f77e28094796f75e280997265206372656174696e672061206d6f7265207375737461696e61626c652c2073656c662d73756666696369656e742067617264656e2e20546865206265737420706172743f20596f757220666f6f642077696c6c2074617374652062657474657220616e642062652062657474657220666f7220796f752c2073747261696768742066726f6d20736f696c2074686174e280997320617320616c6976652061732074686520706c616e747320697420737570706f7274732e2048617070792067726f77696e6721');
SELECT pg_catalog.lo_close(0);

SELECT pg_catalog.lo_open('17072', 131072);
SELECT pg_catalog.lowrite(0, '\x3535353535');
SELECT pg_catalog.lo_close(0);

SELECT pg_catalog.lo_open('17073', 131072);
SELECT pg_catalog.lowrite(0, '\x47726f77696e6720796f7572206f776e20766567657461626c65732069736ee2809974206a7573742061626f757420706c616e74696e6720736565647320616e64207761746572696e67207468656de28094697427732061626f7574206275696c64696e672061206c6976696e672c20627265617468696e672065636f73797374656d2072696768742062656e6561746820796f757220666565742e20546865206865616c7468206f6620796f757220736f696c2069732074686520666f756e646174696f6e206f66206576657279207375636365737366756c20766567657461626c652067617264656e2e20496e207468697320706f73742c207765e280996c6c206578706c6f726520686f7720656e72696368696e6720796f757220736f696c206e61747572616c6c79207468726f75676820636f6d706f7374696e672063616e206c65616420746f20746173746965722c206d6f7265206e7574726974696f757320766567657461626c65732e204865616c74687920736f696c2069732066756c6c206f66206c6966653a2062616374657269612c2066756e67692c20776f726d732c20616e64206f74686572206d6963726f6f7267616e69736d7320776f726b20746f67657468657220746f20627265616b20646f776e206f7267616e6963206d617474657220616e64206d616b65206e75747269656e747320617661696c61626c6520746f20796f757220706c616e74732e20576974686f757420746869732062616c616e63652c20796f757220766567657461626c6573206d61792073757276697665e28094627574207468657920776f6ee2809974207468726976652e20506f6f7220736f696c206d65616e733a205374756e7465642067726f7774682c204c6f77207969656c64732c20496e6372656173656420737573636570746962696c69747920746f20706573747320616e6420646973656173652e204275742074686520676f6f64206e6577733f20596f752063616e206669782074686174207769746820636f6d706f73742e20436f6d706f7374206973206465636f6d706f736564206f7267616e6963206d6174657269616c206c696b6520666f6f64207363726170732c206c65617665732c20616e642067617264656e2077617374652e205768656e20796f75206665656420796f757220736f696c2c20796f75e280997265206e6f74206a7573742068656c70696e6720796f757220766567657461626c65732067726f77e28094796f75e280997265206372656174696e672061206d6f7265207375737461696e61626c652c2073656c662d73756666696369656e742067617264656e2e20546865206265737420706172743f20596f757220666f6f642077696c6c2074617374652062657474657220616e642062652062657474657220666f7220796f752c2073747261696768742066726f6d20736f696c2074686174e280997320617320616c6976652061732074686520706c616e747320697420737570706f7274732e2048617070792067726f77696e6721');
SELECT pg_catalog.lo_close(0);

SELECT pg_catalog.lo_open('17074', 131072);
SELECT pg_catalog.lowrite(0, '\x47726f77696e6720796f7572206f776e20766567657461626c65732069736ee2809974206a7573742061626f757420706c616e74696e6720736565647320616e64207761746572696e67207468656de28094697427732061626f7574206275696c64696e672061206c6976696e672c20627265617468696e672065636f73797374656d2072696768742062656e6561746820796f757220666565742e20546865206865616c7468206f6620796f757220736f696c2069732074686520666f756e646174696f6e206f66206576657279207375636365737366756c20766567657461626c652067617264656e2e20496e207468697320706f73742c207765e280996c6c206578706c6f726520686f7720656e72696368696e6720796f757220736f696c206e61747572616c6c79207468726f75676820636f6d706f7374696e672063616e206c65616420746f20746173746965722c206d6f7265206e7574726974696f757320766567657461626c65732e204865616c74687920736f696c2069732066756c6c206f66206c6966653a2062616374657269612c2066756e67692c20776f726d732c20616e64206f74686572206d6963726f6f7267616e69736d7320776f726b20746f67657468657220746f20627265616b20646f776e206f7267616e6963206d617474657220616e64206d616b65206e75747269656e747320617661696c61626c6520746f20796f757220706c616e74732e20576974686f757420746869732062616c616e63652c20796f757220766567657461626c6573206d61792073757276697665e28094627574207468657920776f6ee2809974207468726976652e20506f6f7220736f696c206d65616e733a205374756e7465642067726f7774682c204c6f77207969656c64732c20496e6372656173656420737573636570746962696c69747920746f20706573747320616e6420646973656173652e204275742074686520676f6f64206e6577733f20596f752063616e206669782074686174207769746820636f6d706f73742e20436f6d706f7374206973206465636f6d706f736564206f7267616e6963206d6174657269616c206c696b6520666f6f64207363726170732c206c65617665732c20616e642067617264656e2077617374652e205768656e20796f75206665656420796f757220736f696c2c20796f75e280997265206e6f74206a7573742068656c70696e6720796f757220766567657461626c65732067726f77e28094796f75e280997265206372656174696e672061206d6f7265207375737461696e61626c652c2073656c662d73756666696369656e742067617264656e2e20546865206265737420706172743f20596f757220666f6f642077696c6c2074617374652062657474657220616e642062652062657474657220666f7220796f752c2073747261696768742066726f6d20736f696c2074686174e280997320617320616c6976652061732074686520706c616e747320697420737570706f7274732e2048617070792067726f77696e6721');
SELECT pg_catalog.lo_close(0);

SELECT pg_catalog.lo_open('17075', 131072);
SELECT pg_catalog.lowrite(0, '\x47726f77696e6720796f7572206f776e20766567657461626c65732069736ee2809974206a7573742061626f757420706c616e74696e6720736565647320616e64207761746572696e67207468656de28094697427732061626f7574206275696c64696e672061206c6976696e672c20627265617468696e672065636f73797374656d2072696768742062656e6561746820796f757220666565742e20546865206865616c7468206f6620796f757220736f696c2069732074686520666f756e646174696f6e206f66206576657279207375636365737366756c20766567657461626c652067617264656e2e20496e207468697320706f73742c207765e280996c6c206578706c6f726520686f7720656e72696368696e6720796f757220736f696c206e61747572616c6c79207468726f75676820636f6d706f7374696e672063616e206c65616420746f20746173746965722c206d6f7265206e7574726974696f757320766567657461626c65732e204865616c74687920736f696c2069732066756c6c206f66206c6966653a2062616374657269612c2066756e67692c20776f726d732c20616e64206f74686572206d6963726f6f7267616e69736d7320776f726b20746f67657468657220746f20627265616b20646f776e206f7267616e6963206d617474657220616e64206d616b65206e75747269656e747320617661696c61626c6520746f20796f757220706c616e74732e20576974686f757420746869732062616c616e63652c20796f757220766567657461626c6573206d61792073757276697665e28094627574207468657920776f6ee2809974207468726976652e20506f6f7220736f696c206d65616e733a205374756e7465642067726f7774682c204c6f77207969656c64732c20496e6372656173656420737573636570746962696c69747920746f20706573747320616e6420646973656173652e204275742074686520676f6f64206e6577733f20596f752063616e206669782074686174207769746820636f6d706f73742e20436f6d706f7374206973206465636f6d706f736564206f7267616e6963206d6174657269616c206c696b6520666f6f64207363726170732c206c65617665732c20616e642067617264656e2077617374652e205768656e20796f75206665656420796f757220736f696c2c20796f75e280997265206e6f74206a7573742068656c70696e6720796f757220766567657461626c65732067726f77e28094796f75e280997265206372656174696e672061206d6f7265207375737461696e61626c652c2073656c662d73756666696369656e742067617264656e2e20546865206265737420706172743f20596f757220666f6f642077696c6c2074617374652062657474657220616e642062652062657474657220666f7220796f752c2073747261696768742066726f6d20736f696c2074686174e280997320617320616c6976652061732074686520706c616e747320697420737570706f7274732e2048617070792067726f77696e6721');
SELECT pg_catalog.lo_close(0);

SELECT pg_catalog.lo_open('17076', 131072);
SELECT pg_catalog.lowrite(0, '\x47726f77696e6720796f7572206f776e20766567657461626c65732069736ee2809974206a7573742061626f757420706c616e74696e6720736565647320616e64207761746572696e67207468656de28094697427732061626f7574206275696c64696e672061206c6976696e672c20627265617468696e672065636f73797374656d2072696768742062656e6561746820796f757220666565742e20546865206865616c7468206f6620796f757220736f696c2069732074686520666f756e646174696f6e206f66206576657279207375636365737366756c20766567657461626c652067617264656e2e20496e207468697320706f73742c207765e280996c6c206578706c6f726520686f7720656e72696368696e6720796f757220736f696c206e61747572616c6c79207468726f75676820636f6d706f7374696e672063616e206c65616420746f20746173746965722c206d6f7265206e7574726974696f757320766567657461626c65732e204865616c74687920736f696c2069732066756c6c206f66206c6966653a2062616374657269612c2066756e67692c20776f726d732c20616e64206f74686572206d6963726f6f7267616e69736d7320776f726b20746f67657468657220746f20627265616b20646f776e206f7267616e6963206d617474657220616e64206d616b65206e75747269656e747320617661696c61626c6520746f20796f757220706c616e74732e20576974686f757420746869732062616c616e63652c20796f757220766567657461626c6573206d61792073757276697665e28094627574207468657920776f6ee2809974207468726976652e20506f6f7220736f696c206d65616e733a205374756e7465642067726f7774682c204c6f77207969656c64732c20496e6372656173656420737573636570746962696c69747920746f20706573747320616e6420646973656173652e204275742074686520676f6f64206e6577733f20596f752063616e206669782074686174207769746820636f6d706f73742e20436f6d706f7374206973206465636f6d706f736564206f7267616e6963206d6174657269616c206c696b6520666f6f64207363726170732c206c65617665732c20616e642067617264656e2077617374652e205768656e20796f75206665656420796f757220736f696c2c20796f75e280997265206e6f74206a7573742068656c70696e6720796f757220766567657461626c65732067726f77e28094796f75e280997265206372656174696e672061206d6f7265207375737461696e61626c652c2073656c662d73756666696369656e742067617264656e2e20546865206265737420706172743f20596f757220666f6f642077696c6c2074617374652062657474657220616e642062652062657474657220666f7220796f752c2073747261696768742066726f6d20736f696c2074686174e280997320617320616c6976652061732074686520706c616e747320697420737570706f7274732e2048617070792067726f77696e6721');
SELECT pg_catalog.lo_close(0);

SELECT pg_catalog.lo_open('17077', 131072);
SELECT pg_catalog.lowrite(0, '\x47726f77696e6720796f7572206f776e20766567657461626c65732069736ee2809974206a7573742061626f757420706c616e74696e6720736565647320616e64207761746572696e67207468656de28094697427732061626f7574206275696c64696e672061206c6976696e672c20627265617468696e672065636f73797374656d2072696768742062656e6561746820796f757220666565742e20546865206865616c7468206f6620796f757220736f696c2069732074686520666f756e646174696f6e206f66206576657279207375636365737366756c20766567657461626c652067617264656e2e20496e207468697320706f73742c207765e280996c6c206578706c6f726520686f7720656e72696368696e6720796f757220736f696c206e61747572616c6c79207468726f75676820636f6d706f7374696e672063616e206c65616420746f20746173746965722c206d6f7265206e7574726974696f757320766567657461626c65732e204865616c74687920736f696c2069732066756c6c206f66206c6966653a2062616374657269612c2066756e67692c20776f726d732c20616e64206f74686572206d6963726f6f7267616e69736d7320776f726b20746f67657468657220746f20627265616b20646f776e206f7267616e6963206d617474657220616e64206d616b65206e75747269656e747320617661696c61626c6520746f20796f757220706c616e74732e20576974686f757420746869732062616c616e63652c20796f757220766567657461626c6573206d61792073757276697665e28094627574207468657920776f6ee2809974207468726976652e20506f6f7220736f696c206d65616e733a205374756e7465642067726f7774682c204c6f77207969656c64732c20496e6372656173656420737573636570746962696c69747920746f20706573747320616e6420646973656173652e204275742074686520676f6f64206e6577733f20596f752063616e206669782074686174207769746820636f6d706f73742e20436f6d706f7374206973206465636f6d706f736564206f7267616e6963206d6174657269616c206c696b6520666f6f64207363726170732c206c65617665732c20616e642067617264656e2077617374652e205768656e20796f75206665656420796f757220736f696c2c20796f75e280997265206e6f74206a7573742068656c70696e6720796f757220766567657461626c65732067726f77e28094796f75e280997265206372656174696e672061206d6f7265207375737461696e61626c652c2073656c662d73756666696369656e742067617264656e2e20546865206265737420706172743f20596f757220666f6f642077696c6c2074617374652062657474657220616e642062652062657474657220666f7220796f752c2073747261696768742066726f6d20736f696c2074686174e280997320617320616c6976652061732074686520706c616e747320697420737570706f7274732e2048617070792067726f77696e6721');
SELECT pg_catalog.lo_close(0);

SELECT pg_catalog.lo_open('17078', 131072);
SELECT pg_catalog.lowrite(0, '\x47726f77696e6720796f7572206f776e20766567657461626c65732069736ee2809974206a7573742061626f757420706c616e74696e6720736565647320616e64207761746572696e67207468656de28094697427732061626f7574206275696c64696e672061206c6976696e672c20627265617468696e672065636f73797374656d2072696768742062656e6561746820796f757220666565742e20546865206865616c7468206f6620796f757220736f696c2069732074686520666f756e646174696f6e206f66206576657279207375636365737366756c20766567657461626c652067617264656e2e20496e207468697320706f73742c207765e280996c6c206578706c6f726520686f7720656e72696368696e6720796f757220736f696c206e61747572616c6c79207468726f75676820636f6d706f7374696e672063616e206c65616420746f20746173746965722c206d6f7265206e7574726974696f757320766567657461626c65732e204865616c74687920736f696c2069732066756c6c206f66206c6966653a2062616374657269612c2066756e67692c20776f726d732c20616e64206f74686572206d6963726f6f7267616e69736d7320776f726b20746f67657468657220746f20627265616b20646f776e206f7267616e6963206d617474657220616e64206d616b65206e75747269656e747320617661696c61626c6520746f20796f757220706c616e74732e20576974686f757420746869732062616c616e63652c20796f757220766567657461626c6573206d61792073757276697665e28094627574207468657920776f6ee2809974207468726976652e20506f6f7220736f696c206d65616e733a205374756e7465642067726f7774682c204c6f77207969656c64732c20496e6372656173656420737573636570746962696c69747920746f20706573747320616e6420646973656173652e204275742074686520676f6f64206e6577733f20596f752063616e206669782074686174207769746820636f6d706f73742e20436f6d706f7374206973206465636f6d706f736564206f7267616e6963206d6174657269616c206c696b6520666f6f64207363726170732c206c65617665732c20616e642067617264656e2077617374652e205768656e20796f75206665656420796f757220736f696c2c20796f75e280997265206e6f74206a7573742068656c70696e6720796f757220766567657461626c65732067726f77e28094796f75e280997265206372656174696e672061206d6f7265207375737461696e61626c652c2073656c662d73756666696369656e742067617264656e2e20546865206265737420706172743f20596f757220666f6f642077696c6c2074617374652062657474657220616e642062652062657474657220666f7220796f752c2073747261696768742066726f6d20736f696c2074686174e280997320617320616c6976652061732074686520706c616e747320697420737570706f7274732e2048617070792067726f77696e6721');
SELECT pg_catalog.lo_close(0);

SELECT pg_catalog.lo_open('17079', 131072);
SELECT pg_catalog.lowrite(0, '\x47726f77696e6720796f7572206f776e20766567657461626c65732069736ee2809974206a7573742061626f757420706c616e74696e6720736565647320616e64207761746572696e67207468656de28094697427732061626f7574206275696c64696e672061206c6976696e672c20627265617468696e672065636f73797374656d2072696768742062656e6561746820796f757220666565742e20546865206865616c7468206f6620796f757220736f696c2069732074686520666f756e646174696f6e206f66206576657279207375636365737366756c20766567657461626c652067617264656e2e20496e207468697320706f73742c207765e280996c6c206578706c6f726520686f7720656e72696368696e6720796f757220736f696c206e61747572616c6c79207468726f75676820636f6d706f7374696e672063616e206c65616420746f20746173746965722c206d6f7265206e7574726974696f757320766567657461626c65732e204865616c74687920736f696c2069732066756c6c206f66206c6966653a2062616374657269612c2066756e67692c20776f726d732c20616e64206f74686572206d6963726f6f7267616e69736d7320776f726b20746f67657468657220746f20627265616b20646f776e206f7267616e6963206d617474657220616e64206d616b65206e75747269656e747320617661696c61626c6520746f20796f757220706c616e74732e20576974686f757420746869732062616c616e63652c20796f757220766567657461626c6573206d61792073757276697665e28094627574207468657920776f6ee2809974207468726976652e20506f6f7220736f696c206d65616e733a205374756e7465642067726f7774682c204c6f77207969656c64732c20496e6372656173656420737573636570746962696c69747920746f20706573747320616e6420646973656173652e204275742074686520676f6f64206e6577733f20596f752063616e206669782074686174207769746820636f6d706f73742e20436f6d706f7374206973206465636f6d706f736564206f7267616e6963206d6174657269616c206c696b6520666f6f64207363726170732c206c65617665732c20616e642067617264656e2077617374652e205768656e20796f75206665656420796f757220736f696c2c20796f75e280997265206e6f74206a7573742068656c70696e6720796f757220766567657461626c65732067726f77e28094796f75e280997265206372656174696e672061206d6f7265207375737461696e61626c652c2073656c662d73756666696369656e742067617264656e2e20546865206265737420706172743f20596f757220666f6f642077696c6c2074617374652062657474657220616e642062652062657474657220666f7220796f752c2073747261696768742066726f6d20736f696c2074686174e280997320617320616c6976652061732074686520706c616e747320697420737570706f7274732e2048617070792067726f77696e6721');
SELECT pg_catalog.lo_close(0);

SELECT pg_catalog.lo_open('17080', 131072);
SELECT pg_catalog.lowrite(0, '\x33');
SELECT pg_catalog.lo_close(0);

SELECT pg_catalog.lo_open('17081', 131072);
SELECT pg_catalog.lowrite(0, '\x33');
SELECT pg_catalog.lo_close(0);

SELECT pg_catalog.lo_open('17082', 131072);
SELECT pg_catalog.lowrite(0, '\x47726f77696e6720796f7572206f776e20766567657461626c65732069736ee2809974206a7573742061626f757420706c616e74696e6720736565647320616e64207761746572696e67207468656de28094697427732061626f7574206275696c64696e672061206c6976696e672c20627265617468696e672065636f73797374656d2072696768742062656e6561746820796f757220666565742e20546865206865616c7468206f6620796f757220736f696c2069732074686520666f756e646174696f6e206f66206576657279207375636365737366756c20766567657461626c652067617264656e2e20496e207468697320706f73742c207765e280996c6c206578706c6f726520686f7720656e72696368696e6720796f757220736f696c206e61747572616c6c79207468726f75676820636f6d706f7374696e672063616e206c65616420746f20746173746965722c206d6f7265206e7574726974696f757320766567657461626c65732e204865616c74687920736f696c2069732066756c6c206f66206c6966653a2062616374657269612c2066756e67692c20776f726d732c20616e64206f74686572206d6963726f6f7267616e69736d7320776f726b20746f67657468657220746f20627265616b20646f776e206f7267616e6963206d617474657220616e64206d616b65206e75747269656e747320617661696c61626c6520746f20796f757220706c616e74732e20576974686f757420746869732062616c616e63652c20796f757220766567657461626c6573206d61792073757276697665e28094627574207468657920776f6ee2809974207468726976652e20506f6f7220736f696c206d65616e733a205374756e7465642067726f7774682c204c6f77207969656c64732c20496e6372656173656420737573636570746962696c69747920746f20706573747320616e6420646973656173652e204275742074686520676f6f64206e6577733f20596f752063616e206669782074686174207769746820636f6d706f73742e20436f6d706f7374206973206465636f6d706f736564206f7267616e6963206d6174657269616c206c696b6520666f6f64207363726170732c206c65617665732c20616e642067617264656e2077617374652e205768656e20796f75206665656420796f757220736f696c2c20796f75e280997265206e6f74206a7573742068656c70696e6720796f757220766567657461626c65732067726f77e28094796f75e280997265206372656174696e672061206d6f7265207375737461696e61626c652c2073656c662d73756666696369656e742067617264656e2e20546865206265737420706172743f20596f757220666f6f642077696c6c2074617374652062657474657220616e642062652062657474657220666f7220796f752c2073747261696768742066726f6d20736f696c2074686174e280997320617320616c6976652061732074686520706c616e747320697420737570706f7274732e2048617070792067726f77696e6721');
SELECT pg_catalog.lo_close(0);

SELECT pg_catalog.lo_open('17083', 131072);
SELECT pg_catalog.lowrite(0, '\x313131');
SELECT pg_catalog.lo_close(0);

SELECT pg_catalog.lo_open('17084', 131072);
SELECT pg_catalog.lowrite(0, '\x33313233313332313233');
SELECT pg_catalog.lo_close(0);

SELECT pg_catalog.lo_open('17085', 131072);
SELECT pg_catalog.lowrite(0, '\x33313233313332313233');
SELECT pg_catalog.lo_close(0);

SELECT pg_catalog.lo_open('17086', 131072);
SELECT pg_catalog.lowrite(0, '\x33313233313332313233');
SELECT pg_catalog.lo_close(0);

SELECT pg_catalog.lo_open('17087', 131072);
SELECT pg_catalog.lowrite(0, '\x33313233313332313233');
SELECT pg_catalog.lo_close(0);

SELECT pg_catalog.lo_open('17088', 131072);
SELECT pg_catalog.lowrite(0, '\x33313233313332313233');
SELECT pg_catalog.lo_close(0);

SELECT pg_catalog.lo_open('17089', 131072);
SELECT pg_catalog.lowrite(0, '\x33313233313332313233');
SELECT pg_catalog.lo_close(0);

SELECT pg_catalog.lo_open('17090', 131072);
SELECT pg_catalog.lowrite(0, '\x33313233313332313233');
SELECT pg_catalog.lo_close(0);

SELECT pg_catalog.lo_open('17091', 131072);
SELECT pg_catalog.lowrite(0, '\x33313233313332313233');
SELECT pg_catalog.lo_close(0);

SELECT pg_catalog.lo_open('17092', 131072);
SELECT pg_catalog.lowrite(0, '\x61736461736433313233313332313233');
SELECT pg_catalog.lo_close(0);

SELECT pg_catalog.lo_open('17093', 131072);
SELECT pg_catalog.lowrite(0, '\x61736461736433313233313332313233');
SELECT pg_catalog.lo_close(0);

SELECT pg_catalog.lo_open('17094', 131072);
SELECT pg_catalog.lowrite(0, '\x61736461736433313233313332313233');
SELECT pg_catalog.lo_close(0);

SELECT pg_catalog.lo_open('17095', 131072);
SELECT pg_catalog.lowrite(0, '\x61736461736433313233313332313233');
SELECT pg_catalog.lo_close(0);

SELECT pg_catalog.lo_open('17096', 131072);
SELECT pg_catalog.lowrite(0, '\x61736461736433313233313332313233');
SELECT pg_catalog.lo_close(0);

SELECT pg_catalog.lo_open('17097', 131072);
SELECT pg_catalog.lowrite(0, '\x61736461736433313233313332313233');
SELECT pg_catalog.lo_close(0);

SELECT pg_catalog.lo_open('17098', 131072);
SELECT pg_catalog.lowrite(0, '\x617366646173666761');
SELECT pg_catalog.lo_close(0);

SELECT pg_catalog.lo_open('17099', 131072);
SELECT pg_catalog.lowrite(0, '\x313233313233313233');
SELECT pg_catalog.lo_close(0);

SELECT pg_catalog.lo_open('17100', 131072);
SELECT pg_catalog.lowrite(0, '\x313233313233313233');
SELECT pg_catalog.lo_close(0);

SELECT pg_catalog.lo_open('17101', 131072);
SELECT pg_catalog.lowrite(0, '\x313233313233313233323133313233');
SELECT pg_catalog.lo_close(0);

SELECT pg_catalog.lo_open('17102', 131072);
SELECT pg_catalog.lowrite(0, '\x313233313233313233323133313233');
SELECT pg_catalog.lo_close(0);

SELECT pg_catalog.lo_open('17103', 131072);
SELECT pg_catalog.lowrite(0, '\x313233313233313233323133313233');
SELECT pg_catalog.lo_close(0);

SELECT pg_catalog.lo_open('17104', 131072);
SELECT pg_catalog.lowrite(0, '\x33');
SELECT pg_catalog.lo_close(0);

SELECT pg_catalog.lo_open('17105', 131072);
SELECT pg_catalog.lowrite(0, '\x33');
SELECT pg_catalog.lo_close(0);

SELECT pg_catalog.lo_open('17106', 131072);
SELECT pg_catalog.lowrite(0, '\x617364617364617364');
SELECT pg_catalog.lo_close(0);

SELECT pg_catalog.lo_open('17107', 131072);
SELECT pg_catalog.lowrite(0, '\x6173667367617367');
SELECT pg_catalog.lo_close(0);

SELECT pg_catalog.lo_open('17108', 131072);
SELECT pg_catalog.lowrite(0, '\x617364666173676661676167');
SELECT pg_catalog.lo_close(0);

SELECT pg_catalog.lo_open('17109', 131072);
SELECT pg_catalog.lowrite(0, '\x617364617364617364');
SELECT pg_catalog.lo_close(0);

SELECT pg_catalog.lo_open('17110', 131072);
SELECT pg_catalog.lowrite(0, '\x617364617364617364313233');
SELECT pg_catalog.lo_close(0);

SELECT pg_catalog.lo_open('17111', 131072);
SELECT pg_catalog.lowrite(0, '\x617364617364617364313233');
SELECT pg_catalog.lo_close(0);

SELECT pg_catalog.lo_open('17112', 131072);
SELECT pg_catalog.lowrite(0, '\x6173667367617367');
SELECT pg_catalog.lo_close(0);

SELECT pg_catalog.lo_open('17113', 131072);
SELECT pg_catalog.lowrite(0, '\x47726f77696e6720796f7572206f776e20766567657461626c65732069736ee2809974206a7573742061626f757420706c616e74696e6720736565647320616e64207761746572696e67207468656de28094697427732061626f7574206275696c64696e672061206c6976696e672c20627265617468696e672065636f73797374656d2072696768742062656e6561746820796f757220666565742e20546865206865616c7468206f6620796f757220736f696c2069732074686520666f756e646174696f6e206f66206576657279207375636365737366756c20766567657461626c652067617264656e2e20496e207468697320706f73742c207765e280996c6c206578706c6f726520686f7720656e72696368696e6720796f757220736f696c206e61747572616c6c79207468726f75676820636f6d706f7374696e672063616e206c65616420746f20746173746965722c206d6f7265206e7574726974696f757320766567657461626c65732e204865616c74687920736f696c2069732066756c6c206f66206c6966653a2062616374657269612c2066756e67692c20776f726d732c20616e64206f74686572206d6963726f6f7267616e69736d7320776f726b20746f67657468657220746f20627265616b20646f776e206f7267616e6963206d617474657220616e64206d616b65206e75747269656e747320617661696c61626c6520746f20796f757220706c616e74732e20576974686f757420746869732062616c616e63652c20796f757220766567657461626c6573206d61792073757276697665e28094627574207468657920776f6ee2809974207468726976652e20506f6f7220736f696c206d65616e733a205374756e7465642067726f7774682c204c6f77207969656c64732c20496e6372656173656420737573636570746962696c69747920746f20706573747320616e6420646973656173652e204275742074686520676f6f64206e6577733f20596f752063616e206669782074686174207769746820636f6d706f73742e20436f6d706f7374206973206465636f6d706f736564206f7267616e6963206d6174657269616c206c696b6520666f6f64207363726170732c206c65617665732c20616e642067617264656e2077617374652e205768656e20796f75206665656420796f757220736f696c2c20796f75e280997265206e6f74206a7573742068656c70696e6720796f757220766567657461626c65732067726f77e28094796f75e280997265206372656174696e672061206d6f7265207375737461696e61626c652c2073656c662d73756666696369656e742067617264656e2e20546865206265737420706172743f20596f757220666f6f642077696c6c2074617374652062657474657220616e642062652062657474657220666f7220796f752c2073747261696768742066726f6d20736f696c2074686174e280997320617320616c6976652061732074686520706c616e747320697420737570706f7274732e2048617070792067726f77696e6721');
SELECT pg_catalog.lo_close(0);

SELECT pg_catalog.lo_open('17114', 131072);
SELECT pg_catalog.lowrite(0, '\x47726f77696e6720796f7572206f776e20766567657461626c65732069736ee2809974206a7573742061626f757420706c616e74696e6720736565647320616e64207761746572696e67207468656de28094697427732061626f7574206275696c64696e672061206c6976696e672c20627265617468696e672065636f73797374656d2072696768742062656e6561746820796f757220666565742e20546865206865616c7468206f6620796f757220736f696c2069732074686520666f756e646174696f6e206f66206576657279207375636365737366756c20766567657461626c652067617264656e2e20496e207468697320706f73742c207765e280996c6c206578706c6f726520686f7720656e72696368696e6720796f757220736f696c206e61747572616c6c79207468726f75676820636f6d706f7374696e672063616e206c65616420746f20746173746965722c206d6f7265206e7574726974696f757320766567657461626c65732e204865616c74687920736f696c2069732066756c6c206f66206c6966653a2062616374657269612c2066756e67692c20776f726d732c20616e64206f74686572206d6963726f6f7267616e69736d7320776f726b20746f67657468657220746f20627265616b20646f776e206f7267616e6963206d617474657220616e64206d616b65206e75747269656e747320617661696c61626c6520746f20796f757220706c616e74732e20576974686f757420746869732062616c616e63652c20796f757220766567657461626c6573206d61792073757276697665e28094627574207468657920776f6ee2809974207468726976652e20506f6f7220736f696c206d65616e733a205374756e7465642067726f7774682c204c6f77207969656c64732c20496e6372656173656420737573636570746962696c69747920746f20706573747320616e6420646973656173652e204275742074686520676f6f64206e6577733f20596f752063616e206669782074686174207769746820636f6d706f73742e20436f6d706f7374206973206465636f6d706f736564206f7267616e6963206d6174657269616c206c696b6520666f6f64207363726170732c206c65617665732c20616e642067617264656e2077617374652e205768656e20796f75206665656420796f757220736f696c2c20796f75e280997265206e6f74206a7573742068656c70696e6720796f757220766567657461626c65732067726f77e28094796f75e280997265206372656174696e672061206d6f7265207375737461696e61626c652c2073656c662d73756666696369656e742067617264656e2e20546865206265737420706172743f20596f757220666f6f642077696c6c2074617374652062657474657220616e642062652062657474657220666f7220796f752c2073747261696768742066726f6d20736f696c2074686174e280997320617320616c6976652061732074686520706c616e747320697420737570706f7274732e2048617070792067726f77696e6721');
SELECT pg_catalog.lo_close(0);

SELECT pg_catalog.lo_open('17115', 131072);
SELECT pg_catalog.lowrite(0, '\x47726f77696e6720796f7572206f776e20766567657461626c65732069736ee2809974206a7573742061626f757420706c616e74696e6720736565647320616e64207761746572696e67207468656de28094697427732061626f7574206275696c64696e672061206c6976696e672c20627265617468696e672065636f73797374656d2072696768742062656e6561746820796f757220666565742e20546865206865616c7468206f6620796f757220736f696c2069732074686520666f756e646174696f6e206f66206576657279207375636365737366756c20766567657461626c652067617264656e2e20496e207468697320706f73742c207765e280996c6c206578706c6f726520686f7720656e72696368696e6720796f757220736f696c206e61747572616c6c79207468726f75676820636f6d706f7374696e672063616e206c65616420746f20746173746965722c206d6f7265206e7574726974696f757320766567657461626c65732e204865616c74687920736f696c2069732066756c6c206f66206c6966653a2062616374657269612c2066756e67692c20776f726d732c20616e64206f74686572206d6963726f6f7267616e69736d7320776f726b20746f67657468657220746f20627265616b20646f776e206f7267616e6963206d617474657220616e64206d616b65206e75747269656e747320617661696c61626c6520746f20796f757220706c616e74732e20576974686f757420746869732062616c616e63652c20796f757220766567657461626c6573206d61792073757276697665e28094627574207468657920776f6ee2809974207468726976652e20506f6f7220736f696c206d65616e733a205374756e7465642067726f7774682c204c6f77207969656c64732c20496e6372656173656420737573636570746962696c69747920746f20706573747320616e6420646973656173652e204275742074686520676f6f64206e6577733f20596f752063616e206669782074686174207769746820636f6d706f73742e20436f6d706f7374206973206465636f6d706f736564206f7267616e6963206d6174657269616c206c696b6520666f6f64207363726170732c206c65617665732c20616e642067617264656e2077617374652e205768656e20796f75206665656420796f757220736f696c2c20796f75e280997265206e6f74206a7573742068656c70696e6720796f757220766567657461626c65732067726f77e28094796f75e280997265206372656174696e672061206d6f7265207375737461696e61626c652c2073656c662d73756666696369656e742067617264656e2e20546865206265737420706172743f20596f757220666f6f642077696c6c2074617374652062657474657220616e642062652062657474657220666f7220796f752c2073747261696768742066726f6d20736f696c2074686174e280997320617320616c6976652061732074686520706c616e747320697420737570706f7274732e2048617070792067726f77696e6721');
SELECT pg_catalog.lo_close(0);

SELECT pg_catalog.lo_open('17116', 131072);
SELECT pg_catalog.lowrite(0, '\x47726f77696e6720796f7572206f776e20766567657461626c65732069736ee2809974206a7573742061626f757420706c616e74696e6720736565647320616e64207761746572696e67207468656de28094697427732061626f7574206275696c64696e672061206c6976696e672c20627265617468696e672065636f73797374656d2072696768742062656e6561746820796f757220666565742e20546865206865616c7468206f6620796f757220736f696c2069732074686520666f756e646174696f6e206f66206576657279207375636365737366756c20766567657461626c652067617264656e2e20496e207468697320706f73742c207765e280996c6c206578706c6f726520686f7720656e72696368696e6720796f757220736f696c206e61747572616c6c79207468726f75676820636f6d706f7374696e672063616e206c65616420746f20746173746965722c206d6f7265206e7574726974696f757320766567657461626c65732e204865616c74687920736f696c2069732066756c6c206f66206c6966653a2062616374657269612c2066756e67692c20776f726d732c20616e64206f74686572206d6963726f6f7267616e69736d7320776f726b20746f67657468657220746f20627265616b20646f776e206f7267616e6963206d617474657220616e64206d616b65206e75747269656e747320617661696c61626c6520746f20796f757220706c616e74732e20576974686f757420746869732062616c616e63652c20796f757220766567657461626c6573206d61792073757276697665e28094627574207468657920776f6ee2809974207468726976652e20506f6f7220736f696c206d65616e733a205374756e7465642067726f7774682c204c6f77207969656c64732c20496e6372656173656420737573636570746962696c69747920746f20706573747320616e6420646973656173652e204275742074686520676f6f64206e6577733f20596f752063616e206669782074686174207769746820636f6d706f73742e20436f6d706f7374206973206465636f6d706f736564206f7267616e6963206d6174657269616c206c696b6520666f6f64207363726170732c206c65617665732c20616e642067617264656e2077617374652e205768656e20796f75206665656420796f757220736f696c2c20796f75e280997265206e6f74206a7573742068656c70696e6720796f757220766567657461626c65732067726f77e28094796f75e280997265206372656174696e672061206d6f7265207375737461696e61626c652c2073656c662d73756666696369656e742067617264656e2e20546865206265737420706172743f20596f757220666f6f642077696c6c2074617374652062657474657220616e642062652062657474657220666f7220796f752c2073747261696768742066726f6d20736f696c2074686174e280997320617320616c6976652061732074686520706c616e747320697420737570706f7274732e2048617070792067726f77696e6721');
SELECT pg_catalog.lo_close(0);

SELECT pg_catalog.lo_open('17117', 131072);
SELECT pg_catalog.lowrite(0, '\x47726f77696e6720796f7572206f776e20766567657461626c65732069736ee2809974206a7573742061626f757420706c616e74696e6720736565647320616e64207761746572696e67207468656de28094697427732061626f7574206275696c64696e672061206c6976696e672c20627265617468696e672065636f73797374656d2072696768742062656e6561746820796f757220666565742e20546865206865616c7468206f6620796f757220736f696c2069732074686520666f756e646174696f6e206f66206576657279207375636365737366756c20766567657461626c652067617264656e2e20496e207468697320706f73742c207765e280996c6c206578706c6f726520686f7720656e72696368696e6720796f757220736f696c206e61747572616c6c79207468726f75676820636f6d706f7374696e672063616e206c65616420746f20746173746965722c206d6f7265206e7574726974696f757320766567657461626c65732e204865616c74687920736f696c2069732066756c6c206f66206c6966653a2062616374657269612c2066756e67692c20776f726d732c20616e64206f74686572206d6963726f6f7267616e69736d7320776f726b20746f67657468657220746f20627265616b20646f776e206f7267616e6963206d617474657220616e64206d616b65206e75747269656e747320617661696c61626c6520746f20796f757220706c616e74732e20576974686f757420746869732062616c616e63652c20796f757220766567657461626c6573206d61792073757276697665e28094627574207468657920776f6ee2809974207468726976652e20506f6f7220736f696c206d65616e733a205374756e7465642067726f7774682c204c6f77207969656c64732c20496e6372656173656420737573636570746962696c69747920746f20706573747320616e6420646973656173652e204275742074686520676f6f64206e6577733f20596f752063616e206669782074686174207769746820636f6d706f73742e20436f6d706f7374206973206465636f6d706f736564206f7267616e6963206d6174657269616c206c696b6520666f6f64207363726170732c206c65617665732c20616e642067617264656e2077617374652e205768656e20796f75206665656420796f757220736f696c2c20796f75e280997265206e6f74206a7573742068656c70696e6720796f757220766567657461626c65732067726f77e28094796f75e280997265206372656174696e672061206d6f7265207375737461696e61626c652c2073656c662d73756666696369656e742067617264656e2e20546865206265737420706172743f20596f757220666f6f642077696c6c2074617374652062657474657220616e642062652062657474657220666f7220796f752c2073747261696768742066726f6d20736f696c2074686174e280997320617320616c6976652061732074686520706c616e747320697420737570706f7274732e2048617070792067726f77696e6721');
SELECT pg_catalog.lo_close(0);

SELECT pg_catalog.lo_open('17118', 131072);
SELECT pg_catalog.lowrite(0, '\x33');
SELECT pg_catalog.lo_close(0);

SELECT pg_catalog.lo_open('17119', 131072);
SELECT pg_catalog.lowrite(0, '\x33');
SELECT pg_catalog.lo_close(0);

SELECT pg_catalog.lo_open('17120', 131072);
SELECT pg_catalog.lowrite(0, '\x33');
SELECT pg_catalog.lo_close(0);

SELECT pg_catalog.lo_open('17121', 131072);
SELECT pg_catalog.lowrite(0, '\x33');
SELECT pg_catalog.lo_close(0);

SELECT pg_catalog.lo_open('17122', 131072);
SELECT pg_catalog.lowrite(0, '\x33');
SELECT pg_catalog.lo_close(0);

SELECT pg_catalog.lo_open('17123', 131072);
SELECT pg_catalog.lowrite(0, '\x33');
SELECT pg_catalog.lo_close(0);

SELECT pg_catalog.lo_open('17124', 131072);
SELECT pg_catalog.lowrite(0, '\x33');
SELECT pg_catalog.lo_close(0);

SELECT pg_catalog.lo_open('17125', 131072);
SELECT pg_catalog.lowrite(0, '\x33');
SELECT pg_catalog.lo_close(0);

SELECT pg_catalog.lo_open('17126', 131072);
SELECT pg_catalog.lowrite(0, '\x33');
SELECT pg_catalog.lo_close(0);

SELECT pg_catalog.lo_open('17127', 131072);
SELECT pg_catalog.lowrite(0, '\x33');
SELECT pg_catalog.lo_close(0);

SELECT pg_catalog.lo_open('17128', 131072);
SELECT pg_catalog.lowrite(0, '\x33');
SELECT pg_catalog.lo_close(0);

SELECT pg_catalog.lo_open('17130', 131072);
SELECT pg_catalog.lowrite(0, '\x5468697320677569646520646973686573206f757420736f696c20626c656e64732c207761746572696e67207363686564756c65732c20616e6420686f7720746f2077686973706572207377656574206e6f7468696e677320746f20796f757220746f6d61746f657320666f722073686f636b696e676c7920676f6f6420726573756c74732e');
SELECT pg_catalog.lo_close(0);

SELECT pg_catalog.lo_open('17132', 131072);
SELECT pg_catalog.lowrite(0, '\x4c6561726e20686f7720746f207475726e206b69746368656e2073637261707320616e642067617264656e20776173746520696e746f20726963682c206e7574726974696f757320636f6d706f73742077697468206d696e696d616c206566666f7274e28094616e64206d6178696d756d20737761676765722e');
SELECT pg_catalog.lo_close(0);

SELECT pg_catalog.lo_open('17134', 131072);
SELECT pg_catalog.lowrite(0, '\x4d65657420796f757220656e656d69657320286170686964732c20626565746c65732c20616e6420736c756773292c207468656e206c6561726e20686f7720746f2062616e697368207468656d207573696e67206e61747572616c2c207065742d736166652074616374696373207468617420736d656c6c20626574746572207468616e206368656d6963616c20776172666172652e');
SELECT pg_catalog.lo_close(0);

SELECT pg_catalog.lo_open('17135', 131072);
SELECT pg_catalog.lowrite(0, '\x57652064656d797374696679207072756e696e6720736f20796f752063616e207472696d207769746820636f6e666964656e6365e2809477686574686572206974e280997320726f7365732c2066727569742074726565732c206f722074686174206f766572616368696576696e6720736872756220747279696e6720746f207377616c6c6f7720796f757220706f7263682e');
SELECT pg_catalog.lo_close(0);

SELECT pg_catalog.lo_open('17137', 131072);
SELECT pg_catalog.lowrite(0, '\x46726f6d20736e616b6520706c616e747320746f20706f74686f732c206d656574206c6f772d6d61696e74656e616e6365206265617574696573207468617420746f6c657261746520796f757220666f7267657466756c6e65737320616e642074687269766520616e797761792e2046726f6d20726164697368657320746f20636172726f74732c20686572652773206120717569636b2d737461727420677569646520746f20756e64657267726f756e642073756363657373e280947065726665637420666f7220696d70617469656e742067617264656e65727320616e6420736e61636b65727320616c696b652e');
SELECT pg_catalog.lo_close(0);

SELECT pg_catalog.lo_open('17139', 131072);
SELECT pg_catalog.lowrite(0, '\x53706f7420746865207761726e696e67207369676e73206f6620726f6f7420726f742c206465687964726174696f6e2c206f7220626164206c69676874696e67e28094616e642072657669766520796f757220706c616e7473207769746820736f6d6520746f756768206c6f766520616e6420626574746572206861626974732e');
SELECT pg_catalog.lo_close(0);

COMMIT;

--
-- TOC entry 4711 (class 2606 OID 17208)
-- Name: category category_pkey; Type: CONSTRAINT; Schema: public; Owner: postgres
--

ALTER TABLE ONLY public.category
    ADD CONSTRAINT category_pkey PRIMARY KEY (id);


--
-- TOC entry 4713 (class 2606 OID 17217)
-- Name: person person_pkey; Type: CONSTRAINT; Schema: public; Owner: postgres
--

ALTER TABLE ONLY public.person
    ADD CONSTRAINT person_pkey PRIMARY KEY (id);


--
-- TOC entry 4717 (class 2606 OID 17225)
-- Name: post post_pkey; Type: CONSTRAINT; Schema: public; Owner: postgres
--

ALTER TABLE ONLY public.post
    ADD CONSTRAINT post_pkey PRIMARY KEY (id);


--
-- TOC entry 4715 (class 2606 OID 17230)
-- Name: person ukfwmwi44u55bo4rvwsv0cln012; Type: CONSTRAINT; Schema: public; Owner: postgres
--

ALTER TABLE ONLY public.person
    ADD CONSTRAINT ukfwmwi44u55bo4rvwsv0cln012 UNIQUE (email);


--
-- TOC entry 4718 (class 2606 OID 17231)
-- Name: post fkkenxtm1pl4w6rchuhelil8lf4; Type: FK CONSTRAINT; Schema: public; Owner: postgres
--

ALTER TABLE ONLY public.post
    ADD CONSTRAINT fkkenxtm1pl4w6rchuhelil8lf4 FOREIGN KEY (person_id) REFERENCES public.person(id);


--
-- TOC entry 4719 (class 2606 OID 17236)
-- Name: post_category fkqly0d5oc4npxdig2fjfoshhxg; Type: FK CONSTRAINT; Schema: public; Owner: postgres
--

ALTER TABLE ONLY public.post_category
    ADD CONSTRAINT fkqly0d5oc4npxdig2fjfoshhxg FOREIGN KEY (category_id) REFERENCES public.category(id);


--
-- TOC entry 4720 (class 2606 OID 17241)
-- Name: post_category fkqr4dx4cx1lh4jfjchabytcakl; Type: FK CONSTRAINT; Schema: public; Owner: postgres
--

ALTER TABLE ONLY public.post_category
    ADD CONSTRAINT fkqr4dx4cx1lh4jfjchabytcakl FOREIGN KEY (post_id) REFERENCES public.post(id);


-- Completed on 2025-05-25 00:58:35

--
-- PostgreSQL database dump complete
--

